-- MySQL dump 10.13  Distrib 8.0.25, for Win64 (x86_64)
--
-- Host: localhost    Database: final_project
-- ------------------------------------------------------
-- Server version	8.0.25

/*!40101 SET @OLD_CHARACTER_SET_CLIENT=@@CHARACTER_SET_CLIENT */;
/*!40101 SET @OLD_CHARACTER_SET_RESULTS=@@CHARACTER_SET_RESULTS */;
/*!40101 SET @OLD_COLLATION_CONNECTION=@@COLLATION_CONNECTION */;
/*!50503 SET NAMES utf8 */;
/*!40103 SET @OLD_TIME_ZONE=@@TIME_ZONE */;
/*!40103 SET TIME_ZONE='+00:00' */;
/*!40014 SET @OLD_UNIQUE_CHECKS=@@UNIQUE_CHECKS, UNIQUE_CHECKS=0 */;
/*!40014 SET @OLD_FOREIGN_KEY_CHECKS=@@FOREIGN_KEY_CHECKS, FOREIGN_KEY_CHECKS=0 */;
/*!40101 SET @OLD_SQL_MODE=@@SQL_MODE, SQL_MODE='NO_AUTO_VALUE_ON_ZERO' */;
/*!40111 SET @OLD_SQL_NOTES=@@SQL_NOTES, SQL_NOTES=0 */;

--
-- Table structure for table `address`
--

DROP TABLE IF EXISTS `address`;
/*!40101 SET @saved_cs_client     = @@character_set_client */;
/*!50503 SET character_set_client = utf8mb4 */;
CREATE TABLE `address` (
  `id` int NOT NULL AUTO_INCREMENT,
  `create_by` varchar(255) DEFAULT NULL,
  `create_time` datetime DEFAULT NULL,
  `remark` varchar(255) DEFAULT NULL,
  `update_by` varchar(255) DEFAULT NULL,
  `update_time` datetime DEFAULT NULL,
  `city` varchar(255) DEFAULT NULL,
  PRIMARY KEY (`id`)
) ENGINE=InnoDB AUTO_INCREMENT=4 DEFAULT CHARSET=utf8mb4 COLLATE=utf8mb4_0900_ai_ci;
/*!40101 SET character_set_client = @saved_cs_client */;

--
-- Dumping data for table `address`
--

LOCK TABLES `address` WRITE;
/*!40000 ALTER TABLE `address` DISABLE KEYS */;
INSERT INTO `address` VALUES (1,NULL,NULL,NULL,NULL,NULL,'Hà Nội'),(2,NULL,NULL,NULL,NULL,NULL,'Hồ Chí Minh'),(3,NULL,NULL,NULL,NULL,NULL,'Đà Nẵng');
/*!40000 ALTER TABLE `address` ENABLE KEYS */;
UNLOCK TABLES;

--
-- Table structure for table `candidate`
--

DROP TABLE IF EXISTS `candidate`;
/*!40101 SET @saved_cs_client     = @@character_set_client */;
/*!50503 SET character_set_client = utf8mb4 */;
CREATE TABLE `candidate` (
  `id` int NOT NULL AUTO_INCREMENT,
  `create_by` varchar(255) DEFAULT NULL,
  `create_time` datetime DEFAULT NULL,
  `remark` varchar(255) DEFAULT NULL,
  `update_by` varchar(255) DEFAULT NULL,
  `update_time` datetime DEFAULT NULL,
  `address` varchar(255) DEFAULT NULL,
  `avatar` varchar(255) DEFAULT NULL,
  `birthday` datetime DEFAULT NULL,
  `experience` varchar(255) DEFAULT NULL,
  `full_name` varchar(255) DEFAULT NULL,
  `phone` varchar(255) DEFAULT NULL,
  `position` varchar(255) DEFAULT NULL,
  `status` varchar(255) DEFAULT NULL,
  `user_id` int DEFAULT NULL,
  `order` varchar(45) DEFAULT NULL,
  `deleted` bit(1) NOT NULL,
  PRIMARY KEY (`id`),
  KEY `FKj9h7beyp5gsdtdb20km82b4fl` (`user_id`),
  CONSTRAINT `FKj9h7beyp5gsdtdb20km82b4fl` FOREIGN KEY (`user_id`) REFERENCES `user` (`id`)
) ENGINE=InnoDB AUTO_INCREMENT=31 DEFAULT CHARSET=utf8mb4 COLLATE=utf8mb4_0900_ai_ci;
/*!40101 SET character_set_client = @saved_cs_client */;

--
-- Dumping data for table `candidate`
--

LOCK TABLES `candidate` WRITE;
/*!40000 ALTER TABLE `candidate` DISABLE KEYS */;
INSERT INTO `candidate` VALUES (1,NULL,'2022-01-12 08:27:46',NULL,NULL,'2022-01-12 08:27:46','Số 73 Quán Thánh, phường Quán Thánh, quận Ba Đình','http://res.cloudinary.com/degh5xw5d/image/upload/v1645290401/wtcbdvrabns2fvuum95u.jpg','1990-08-09 07:00:00','1 năm','Nguyễn Văn ABC','0988585568','PHP','1',64,'1',_binary '\0'),(2,NULL,'2022-01-12 08:27:46',NULL,NULL,'2022-01-12 08:27:46','Số 26 Nguyễn Văn Ngọc, phường Cồng Vị, quận Ba Đình','https://lh3.googleusercontent.com/pw/ACtC-3eAQMRm2rf5THUly5HkKjzycht3hgo9pzxKJxA186KU65t9wQE6PmZJBVhP8eE13m_Yh9iY8tQKHLzewkpynXcC5DnlkVv1MZGiNdmDnkxK--Viv4vQ9uWE3qtf_m4K8K2QzSbqqlgm4tEXd6ay3ybj=w784-h979-no?authuser=0','1991-09-11 00:00:00','2 năm','Nguyễn Xuân Sang','0916175566','JAVA','1',32,'1',_binary '\0'),(3,NULL,'2022-01-12 08:27:46',NULL,NULL,'2022-01-12 08:27:46','Số 374-376 Đê La Thành, phường Ô Chợ Dừa, quận Đống Đa','https://lh3.googleusercontent.com/pw/ACtC-3cSDlUZb1d7Yd4_piN-WZghyJH3J_sgJvd7KoS2BgoxzU_cetw1wsoZdzl3_Ti7IJ0zMx4v7KTnek1gEyiD9NOkREuG_FFmhAEzjPUj_x0Ya6ESvIy4wpQ77tTSPMrEXKGfvkzgvoMzlxVpJZwD_ba4=w341-h512-no?authuser=0','1992-10-11 00:00:00','3 năm','Lê Phú Quý','0987898882','JS','1',33,'1',_binary '\0'),(4,NULL,'2022-01-12 08:27:46',NULL,NULL,'2022-01-12 08:27:46','28 Liễu Giai, Cống Vị, Ba Đình, Hà Nội','https://lh3.googleusercontent.com/pw/ACtC-3cj-CYe7xglMqjN40M197oIg5AZSrfNbBqc0lPQevJv4lMv6HlG-XBQEVJS3IZBdwS_th0bsBNnkZSaMeeMjeQGCM7XmOJX1P-PkvmiikaOVMPb3_TYQ_1eUPH5P0hWSDxaATmWIw1sZWwmPi1cYr5v=w196-h257-no?authuser=0','1993-01-12 00:00:00','4 tháng','Lý Quốc Quyền','0912040325','C#','1',34,'1',_binary '\0'),(5,NULL,'2022-01-12 08:27:46',NULL,NULL,'2022-01-12 08:27:46','3 Láng Hạ, Chợ Dừa, Ba Đình, Hà Nội','https://lh3.googleusercontent.com/pw/ACtC-3eMV53fwKcqa-Isrxn20xj8M0x9zjr9sJJ4lHwH7bJlYxKGtCp0_5eaOFHdKwj1tM8H1kTR0nklr-T2-OaRqxhepDLNdm1QT4wHgzKqk9RkLXtb35Qt-_RuYPghTIQOOBN6uH3eirtPw1-ycGq7PRKS=w183-h275-no?authuser=0','1994-02-11 00:00:00','chưa có','Bùi Minh Quân','0989965118','C++','1',35,'1',_binary '\0'),(6,NULL,'2022-01-12 08:27:46',NULL,NULL,'2022-01-12 08:27:46','Số 48 Giang Văn Minh, Ba Đình, Hà Nội','https://lh3.googleusercontent.com/pw/ACtC-3eXDpNzAzyd39ec6RRJoHmMrLJmmceSwWOGvB1pSc_4PixzoH0t-sLM670H9MCLkJx1JYiE4MEDbBmoH4DTp_kXCdcCrFnENWWzR_56u8fEz2u_m6gFBRSxZSr9tXMCT1FxjAjJ4HVrDcw2ra0scSdq=w354-h472-no?authuser=0','1995-04-01 00:00:00','6 tháng','Nguyễn Vũ Ngọc Quyên','0904352749','REACT','1',36,'1',_binary '\0'),(7,NULL,'2022-01-12 08:27:46',NULL,NULL,'2022-01-12 08:27:46','Kim Mã, Ngọc Khánh, Hà Nội','https://lh3.googleusercontent.com/pw/ACtC-3cERUo6aXpSyxjCDmcYaO01XLDIbmVwcrZJlDk_yEvOUqqDgO9PlrTCQLRGFl6sWeh7TaNyf2yjo_65pyzt61idSlx9NfjTJQoMxQL-l7TPxl4BL8pE27PK77yXteJO0oxr7m7ti1BMKmJqoMYo673R=w653-h979-no?authuser=0','1996-10-11 00:00:00','1 tháng','Vũ Thị Phương','0902210733','LARAVEL','1',37,'0',_binary '\0'),(8,NULL,'2022-01-12 08:27:47',NULL,NULL,'2022-01-12 08:27:47','Số 18 Văn Cao, Ba Đình, Hà nội','https://lh3.googleusercontent.com/pw/ACtC-3foloHZUwI-PYo0LolWQCLp3ZvPUlDnEQrBrEIgz3nplNxeBJ7m1AheR8XD7WR7FzTXmvOUXfjWxdHnSyJ7Jp1hrhq_eeDmi-gEY4wSGwUIdhX5MZ8TOa6RFS2oKJmhvQn6Aos3_D3WpaZNRbnKNTRT=w354-h472-no?authuser=0','1997-09-02 00:00:00','2 năm','Nguyễn Văn Sơn','0934447788','C','1',38,'0',_binary '\0'),(9,NULL,'2022-01-12 08:27:47',NULL,NULL,'2022-01-12 08:27:47','Số 335 Phố Kim Mã – Ba Đình – Hà Nội','https://lh3.googleusercontent.com/pw/ACtC-3ekjwtogpBg7DGg-iXyAXKtLv0H1-j3TjjgmCp4nCVo5r1kkBsvuXecd0LLkkKd1oTEH-hNbsptMsVo5XoKNKKvt3sM7UlXzNaDY8t6THZHdmBuJ41u3m2aueg1NV4Il9j6FPqyPfBl7cpeU2oZSiDl=w194-h259-no?authuser=0','1998-05-20 00:00:00','3 năm','Lê Anh Sơn','0968686291','HTML/CSS','1',39,'0',_binary '\0'),(10,NULL,'2022-01-12 08:27:47',NULL,NULL,'2022-01-12 08:27:47','Số 92C, phố Lý Thường Kiệt, phường Cửa Nam, quận Hoàn Kiếm','https://lh3.googleusercontent.com/pw/ACtC-3dbxfsylBAJWCU0DnoEhE6YUxurfsm-yFljK6oKaqzMz_B4fbOvW4ncX7NTSMqUPTwe58Cco2T_ga3K2j6pKIXN5-W621La5GFoJqbU0gy6AJcTxMfmRKspfKNi6c0MknS6D_egZjyIvZ0tRHNwj1ys=s640-no?authuser=0','1993-04-16 00:00:00','4 tháng','Nguyễn Ngọc Phương','0983266986','PHP','1',40,'0',_binary '\0'),(11,NULL,'2022-01-12 08:27:47',NULL,NULL,'2022-01-12 08:27:47','số 45 Cửa Nam, Hoàn Kiếm, Hà Nội   ','https://lh3.googleusercontent.com/pw/ACtC-3c4dn_uznEwKDsS45YTGwiaJ2QcKABXoQ8X9VzFin50jCLYMnbdpocBz9WfTor8UsRxjWb7iXqHkXkVjIflAMPrhfIBafFd2bV3hl2Zhy7WjDDYR-6MBDUq8gIlpOZRMF2H_DPIX90PGFDydBhC_HuR=w341-h512-no?authuser=0','1994-01-12 00:00:00','dưới 1 năm','Bùi Anh Tài','0912177345','JAVA','1',41,'0',_binary '\0'),(12,NULL,'2022-01-12 08:27:47',NULL,NULL,'2022-01-12 08:27:47','Biệt thự số 48 Tràng Thi Q.Hoàn Kiếm – TP. Hà Nội','https://lh3.googleusercontent.com/pw/ACtC-3eTUsHPLyzCQLZgQ7fB-6qlUfiZ2zdBf-myRvCmLiiSqJDByCxiQZcZs7CmRBHqolnEY2XLrf6PL_dx67ZzPY3-Y80C478600gWBQL7BQ5VxcDHvpDryOFbQ9pqmPBi6XNXiIGjhAWy84QFSKMP8v-_=w720-h960-no?authuser=0','1995-07-21 00:00:00','6 năm','Dương Chí Tâm','0903220098','C#','1',42,'0',_binary '\0'),(13,NULL,'2022-01-12 08:27:47',NULL,NULL,'2022-01-12 08:27:47','Số 228 Âu Cơ, Quảng An, Tây Hồ, Hà Nội','https://lh3.googleusercontent.com/pw/ACtC-3eR5LaNd9aVkL4NhuB_4h7iOjuk-9WRjfBhnxal-wi1f-BfJfQ79kOoDtQwEW9-IGhRXfdbRI-AKy89FQuIhvbP9xN0fV3C_bYRvtMBaSiGaMOuBd-4EXk4h0-Si9KV0mhIgCFP9Pmu8qvfMkIC1N5n=w600-h900-no?authuser=0','1996-11-12 00:00:00','6 tháng','Trần Kim Ngân','0976785816','C++','1',43,'0',_binary '\0'),(14,NULL,'2022-01-12 08:27:47',NULL,NULL,'2022-01-12 08:27:47','Số 73 Quán Thánh, phường Quán Thánh, quận Ba Đình','https://lh3.googleusercontent.com/pw/ACtC-3emeyW-sLgFyGkSIGIhYGHkhxz0-emOtyVBimmj5_QLPLrCdJQc-hW81Qsa3X0iY-R2y-YhJ5spR7u0tdxdvE-5mwQM6lZpbhbuCMMt6GxBoOZLJmY2m6mwDtD0F5NrF3XD1FPqnaFCd-veYeEM7UDD=w653-h979-no?authuser=0','1997-11-30 00:00:00','3 tháng','Đỗ Minh Ngọc','0983109724','JS','1',44,'0',_binary '\0'),(15,NULL,'2022-01-12 08:27:47',NULL,NULL,'2022-01-12 08:27:47','Số 49 Văn Cao, phường Liễu Giai, quận Ba Đình','https://lh3.googleusercontent.com/pw/ACtC-3f48pGP-Vbb8JtUEiFpIxz8F-uATN-N1ZeLXjgZp-9IJKhwFKyAHAdzP-ua2isAJF3hLeOGD5QOfNO7vcX-vxQFn8WgLM_fuIbfhGSBp1wGLvxJS3Blm_wGDxUOO0-nsnsrwyhyfJbDIYDizyLlc-i1=w224-h225-no?authuser=0','1990-12-01 00:00:00','2 năm','Bùi Khánh Ngọc','0983899956','Senior','1',45,'0',_binary '\0'),(16,NULL,'2022-01-12 08:27:47',NULL,NULL,'2022-01-12 08:27:47','Số 26 Nguyễn Văn Ngọc, phường Cồng Vị, quận Ba Đình','https://lh3.googleusercontent.com/pw/ACtC-3f3az5TJ5f0O6Z-QR9W0ctMRBYene_GjnK6JjdJVTHeHyDFJRE2ZRfHUgh1ruC3WIkY25kRZJwp3BO558CWq9DgUogpemJ_sfOCthMy1qMSIpldxLgD6k0GiTYMrb7R42yRCVvbE6c_mmgZ03yESOTt=w487-h700-no?authuser=0','1991-08-13 00:00:00','dưới 2 năm','Trần Uyên Nhi','0984652666','HTML/CSS','1',46,'0',_binary '\0'),(17,NULL,'2022-01-12 08:27:47',NULL,NULL,'2022-01-12 08:27:47','Số 48 Giang Văn Minh, phường Đội Cấn, quận Ba Đình','https://lh3.googleusercontent.com/pw/ACtC-3fZPCUXo1x-nLzcNskPPGWdOFCeXvPMlYvxB0ijfyOPJ5N01zUAMkIpBGU_Dam4r4Ri9Y_S7BoX__mhAMMSuBERkfCGxAxZUMJM4JCwjLaNEFkBcC_861kC-SM6RkRU8vw1LAAy_brl_etK7EDAfa47=s550-no?authuser=0','1992-04-15 00:00:00','chưa có','Phạm Đặng Gia Như','0942554498','C','1',47,'0',_binary '\0'),(18,NULL,'2022-01-12 08:27:47',NULL,NULL,'2022-01-12 08:27:47','Số 28 phố Liễu Giai, phường Cống Vị, quận Ba Đình','https://lh3.googleusercontent.com/pw/ACtC-3doluGiPuRLltCxRZ08ffxujbQuh0M8dBHr1oOQo2qL6mQirToaYCB2Ooq0_b2ZSobiQV79TEBjPEhk0ft5k45P2qVq-ntC-mmK6gCgpYNTe3trv62gDy89z3VgWhrfsns6CyfHI6TKvoPQ2j2ZFZOP=w191-h264-no?authuser=0','1993-09-05 00:00:00','4 tháng','Lê Tất Hoàng Phát','0388403008','REACT','1',48,'0',_binary '\0'),(19,NULL,'2022-01-12 08:27:47',NULL,NULL,'2022-01-12 08:27:47','360 Kim Mã Q. Ba Đình','https://lh3.googleusercontent.com/pw/ACtC-3c4WKgg4_JCzmw2tbOHHILfCGfmojj5ls6AQq8LN1_ll6TsUAk_XrEXn6X-91DZk5fmDSQgZSrdIelREyWyexd3tZh9hJElC3Zr-wa3KIu5b_-ctvbfFiBwQp6H_3SbY0WHcv0_Whkj_hXYvy00Yekc=w616-h941-no?authuser=0','1994-01-01 00:00:00','9 tháng','Đào Tuấn Phong','0985861886','C','1',49,'0',_binary '\0'),(20,NULL,'2022-01-12 08:27:47',NULL,NULL,'2022-01-12 08:27:47','84 Trần Nhân Tông, Q. Hai Bà Trưng','https://lh3.googleusercontent.com/pw/ACtC-3cA2FPkQc8Bo5aEa10xh-PFXj8CbJaUp_X65eCtID37aNF5JHFMbh4dU9EyQJyc0gbHlCHltM-IHTbXIRPa_PSlkMw8uGO95gRmVTSW1RfIv-Wr18u7NrWwDrrxcch4jdrx3nBDLua0HSOj9Cqks-nA=w189-h266-no?authuser=0','1995-05-15 00:00:00','4 năm','Nguyễn Hoàng Tùng','0904629579','PHP','1',50,'0',_binary '\0'),(21,NULL,'2022-01-12 08:27:47',NULL,NULL,'2022-01-12 08:27:47','1 Lê Thánh Tông, Q. Hoàn Kiếm','https://lh3.googleusercontent.com/pw/ACtC-3e4XtCttomiMuJXs1TdTM_2hDIFL3hdAAOwr_GN-fpgmbe0LgiW6ObZEi5iyLHuE5a0yJmNh23-FMsvNPWzCJeDF19WSdQ-fZhigWlK6OFb-rwcECXyQuHshLX8CgLkhoXIAIN_LAYU6zAFGsYWrQkv=w532-h513-no?authuser=0','1994-10-10 00:00:00','1 năm','Trần Thị Minh Sương','0983054815','JAVA','1',51,'0',_binary '\0'),(22,NULL,'2022-01-12 08:27:47',NULL,NULL,'2022-01-12 08:27:47','44B Lý Thường Kiệt, Q. Hoàn Kiếm','https://lh3.googleusercontent.com/pw/ACtC-3fS9L5eAmvJ-pSANqORllJ4Pig-mrYFr7hRwZL3NaD7hmXqsuT00eQm6OHoJ17Hnxvux6_9g_c0qjx1e2M3rPYNeOFPtZs_4bFpXaaThxr2zYKGHxSwHCBOFRbJE6xMJDG3oXZvTKyQjIectqU4NnvB=w784-h979-no?authuser=0','1996-07-17 00:00:00','1 năm','Dương Thanh Tâm','0902207799','REACT','1',52,'0',_binary '\0'),(23,NULL,'2022-01-12 08:27:47',NULL,NULL,'2022-01-12 08:27:47','K5 Nghi Tàm, 11 Xuân Diệu, Q. Tây Hồ','https://lh3.googleusercontent.com/pw/ACtC-3dfUdvRHiRjZsCmcCKTbaJZ6RzY6NLBu5aqDM8nBtlp4MiQaKAiR4q3sgmuveQuSj7KL2r03WrEYEM2RC5cy1p92zh2CV25EW0hyey4D0d60KQslWy89WAG5v6NVcrFWbQfJPniw5r25-aQc3LyYKhW=s225-no?authuser=0','1995-09-19 00:00:00','5 năm','Hồ Nguyễn Xuân Thanh','0988464946','C#','1',53,'0',_binary '\0'),(24,NULL,'2022-01-12 08:27:47',NULL,NULL,'2022-01-12 08:27:47','83A Lý Thường Kiệt, Q. Hoàn Kiếm','https://lh3.googleusercontent.com/pw/ACtC-3ePTxxxBzcAeag37Jj_72FyQZdx2jCztI1qBAlDWS9vMVoqM72cwEvtCCc_6fqO89X1_7fWYCLs2uXpyy2AaywZwVF9d057j5TxxQ1cnCJYDcsDVVdqHDfl0FIfHOEoYABLLLXTFEUVidVtZnlES9po=w748-h979-no?authuser=0','1999-08-17 00:00:00','1 năm','Bùi Minh Thảo','0983463800','C++','1',54,'0',_binary '\0'),(25,NULL,'2022-01-12 08:27:47',NULL,NULL,'2022-01-12 08:27:47','50 Nguyễn Chí Thanh, Q. Đống Đa','https://lh3.googleusercontent.com/pw/ACtC-3e_lQEpW8-aKhl8FXNspgy1p8X-G9d8bCv1hNdiDujxaEZji0esQhbTBi3hBFfQk_9zTrUwzpsDPYcWArptXl67NUMXfeuujrcPFN27ej9mJYuWGFqAOyy4VfRprhg_7MbGTO2bF-5Bz_a3rlgnN71Q=w203-h248-no?authuser=0','1999-02-13 00:00:00','1 năm','Đặng Văn Thắng','0904148645','LARAVEL','1',55,'0',_binary '\0'),(26,NULL,'2022-01-12 08:27:47',NULL,NULL,'2022-01-12 08:27:47','19 Phạm Đình Hổ, Q. Hai Bà Trưng','https://lh3.googleusercontent.com/pw/ACtC-3clJgD22WdgCQ9UA_-wCCaaAWdF4MbEnSRbvQj5WYQ6F7PI3xfKwXV52CjuFIeNcosjUnLv4Qn_ps9hA9TeUO0r1ZfltbK-QK99DTwKw4iNrdLkAwS40gzEQeGzZimOwdwZzbp3Rt4f_q0yRDKu__92=w639-h960-no?authuser=0','1993-05-15 00:00:00','1 năm','Bùi Trung Thành','0975778066','PHP','1',56,'0',_binary '\0'),(27,NULL,'2022-01-12 08:27:47',NULL,NULL,'2022-01-12 08:27:47','23 Nguyễn Công Trứ, Q. Hai Bà Trưng','https://lh3.googleusercontent.com/pw/ACtC-3fcItT0lzYZsqwi1EGbdFWzNs9s-jHuaq64REFdcswQtxX-7Cff2MWL_JIR_XaaGbhJqxVE3jEYLz96i3U5j1l1ARgEHyUxa3D5LaWlChXUdwOTFTPUpnkhtYq1xz0CgnY5AVN0VduFO9Xl9wCI-zl1=w600-h900-no?authuser=0','1995-04-14 00:00:00','1 năm','Nguyễn Huy Bảo','0966491916','JAVA','1',57,'0',_binary '\0'),(28,NULL,'2022-01-12 08:27:47',NULL,NULL,'2022-01-12 08:27:47','65 Quán Sứ, Q. Hoàn Kiếm','https://lh3.googleusercontent.com/pw/ACtC-3cXLFKn9hbt0K-BV0mL5ispyu7N0P5z6qZekgB5-armncaGHXJjh8kSt33zuBk_wS5YQ2GbLCo1T-r-jccxHrjQlorN7qzhIpZAF035BiqvCv4xAp8P40YMA5n6lVcd1mBr0nROyR1PBP4Aa516Unnc=w192-h262-no?authuser=0','1996-03-09 00:00:00','1 năm','Nguyễn Lê Phú An','0985505131','C','0',58,'0',_binary '\0'),(29,NULL,'2022-01-12 08:27:47',NULL,NULL,'2022-01-12 08:27:47','14 Trần Bình Trọng, Q. Hoàn Kiếm','https://lh3.googleusercontent.com/pw/ACtC-3e9J4WA_HQ2kt10EdWLo7YMFGn5oN4CV_LOpeCKeBbRJnTAMNSv6-M_WkSWE2JSNxrD0VZPtiGBtrXfcW1uL76DA6fBKJZZGdliF7a8IHbKAp0JBdIhyCWVXPtDtfiZ8s67vqmON-OoGSn47vjd-wyO=s225-no?authuser=0','1995-09-19 00:00:00','1 năm','Trần Hoàng Vĩnh Bảo','0989383751','C++','0',59,'0',_binary '\0'),(30,NULL,'2022-01-12 08:27:47',NULL,NULL,'2022-01-12 08:27:47','65 Quán Sứ, Q. Hoàn Kiếm','https://lh3.googleusercontent.com/pw/ACtC-3fegRNisZHGddhETypOfQCk9hS9iDab9dYezfxiPbrUM8mdHgFlmauGYNOw_Fd4F-ILNi-vY8TdZBPiP2-kPnfplAqjAz_ffQepFBTXwmcn4iPZBLE-Q9i0mw5cqCzZ9SOI3Vw8JxG34DogQkvyPShV=w960-h959-no?authuser=0','2000-08-16 00:00:00','1 năm','Đinh Hồng Châu','0983512050','JS','0',60,'0',_binary '\0');
/*!40000 ALTER TABLE `candidate` ENABLE KEYS */;
UNLOCK TABLES;

--
-- Table structure for table `career`
--

DROP TABLE IF EXISTS `career`;
/*!40101 SET @saved_cs_client     = @@character_set_client */;
/*!50503 SET character_set_client = utf8mb4 */;
CREATE TABLE `career` (
  `id` int NOT NULL AUTO_INCREMENT,
  `create_by` varchar(255) DEFAULT NULL,
  `create_time` datetime DEFAULT NULL,
  `remark` varchar(255) DEFAULT NULL,
  `update_by` varchar(255) DEFAULT NULL,
  `update_time` datetime DEFAULT NULL,
  `name_career` varchar(255) DEFAULT NULL,
  PRIMARY KEY (`id`)
) ENGINE=InnoDB AUTO_INCREMENT=10 DEFAULT CHARSET=utf8mb4 COLLATE=utf8mb4_0900_ai_ci;
/*!40101 SET character_set_client = @saved_cs_client */;

--
-- Dumping data for table `career`
--

LOCK TABLES `career` WRITE;
/*!40000 ALTER TABLE `career` DISABLE KEYS */;
INSERT INTO `career` VALUES (1,NULL,'2022-01-12 08:27:46',NULL,NULL,'2022-01-12 08:27:46','PHP'),(2,NULL,'2022-01-12 08:27:46',NULL,NULL,'2022-01-12 08:27:46','JAVA'),(3,NULL,'2022-01-12 08:27:46',NULL,NULL,'2022-01-12 08:27:46','JS'),(4,NULL,'2022-01-12 08:27:46',NULL,NULL,'2022-01-12 08:27:46','C#'),(5,NULL,'2022-01-12 08:27:46',NULL,NULL,'2022-01-12 08:27:46','C++'),(6,NULL,'2022-01-12 08:27:46',NULL,NULL,'2022-01-12 08:27:46','REACT'),(7,NULL,'2022-01-12 08:27:46',NULL,NULL,'2022-01-12 08:27:46','LARAVEL'),(8,NULL,'2022-01-12 08:27:46',NULL,NULL,'2022-01-12 08:27:46','C'),(9,NULL,'2022-01-12 08:27:46',NULL,NULL,'2022-01-12 08:27:46','HTML/CSS');
/*!40000 ALTER TABLE `career` ENABLE KEYS */;
UNLOCK TABLES;

--
-- Table structure for table `company`
--

DROP TABLE IF EXISTS `company`;
/*!40101 SET @saved_cs_client     = @@character_set_client */;
/*!50503 SET character_set_client = utf8mb4 */;
CREATE TABLE `company` (
  `id` int NOT NULL AUTO_INCREMENT,
  `create_by` varchar(255) DEFAULT NULL,
  `create_time` datetime DEFAULT NULL,
  `remark` varchar(255) DEFAULT NULL,
  `update_by` varchar(255) DEFAULT NULL,
  `update_time` datetime DEFAULT NULL,
  `address` varchar(255) DEFAULT NULL,
  `avatar` varchar(255) DEFAULT NULL,
  `background` varchar(255) DEFAULT NULL,
  `company_name` varchar(255) DEFAULT NULL,
  `contact` varchar(255) DEFAULT NULL,
  `description` longtext,
  `phone` varchar(255) DEFAULT NULL,
  `is_active` bit(1) DEFAULT NULL,
  `website` varchar(255) DEFAULT NULL,
  `user_id` int DEFAULT NULL,
  `order` varchar(45) DEFAULT NULL,
  PRIMARY KEY (`id`),
  KEY `FKdy4v2yb46hefqicjpyj7b7e4s` (`user_id`),
  CONSTRAINT `FKdy4v2yb46hefqicjpyj7b7e4s` FOREIGN KEY (`user_id`) REFERENCES `user` (`id`) ON DELETE CASCADE
) ENGINE=InnoDB AUTO_INCREMENT=31 DEFAULT CHARSET=utf8mb4 COLLATE=utf8mb4_0900_ai_ci;
/*!40101 SET character_set_client = @saved_cs_client */;

--
-- Dumping data for table `company`
--

LOCK TABLES `company` WRITE;
/*!40000 ALTER TABLE `company` DISABLE KEYS */;
INSERT INTO `company` VALUES (1,NULL,'2022-01-12 08:27:46',NULL,NULL,'2022-01-12 08:27:46','13th Floor, PVcomBank Building, 30/4 Street, Hai Chau District, Da Nang City, Vietnam','https://lh3.googleusercontent.com/pw/ACtC-3dIrzI8sXGzeD_6rdstBFlqwgoP2kI6oRBoixWwXXQv6E_fC_2QW_2zDYAl_63xhbf83lQhXjwKxY8FreaR5YZxcCgUWE-FG8Ml2Y6eLlYfyPboPV-Rh2TyTkJ4e3ZFT0Be01jLZ3C5LgWyyBvlpOP8=s300-no','https://lh3.googleusercontent.com/pw/ACtC-3dsEhXKwBMOL15MHepJhhE0iDJ7YykpdYrGNOuULFMGGaz2PdiaKAJFYqyjKsk8pxAe5HSnIgCYvgDA4ZuVs2OQHs7eBlmchdY8N06ytdEO6B-SI0HljhOz9KWx9W1bpEdwxN6B-5ZIS5J193eqDPMV=w1485-h979-no?authuser=0','Axon Active DN','Phạm Vũ Ngọc Diệp','Gia công phần mềm cho Châu Âu','01674269375',_binary '','www.axonactive.vn',1,'0'),(5,NULL,'2022-01-12 08:27:46',NULL,NULL,'2022-01-12 08:27:46','36 Trần Quốc Toản, Tp. Đà Nẵng','https://lh3.googleusercontent.com/pw/ACtC-3em2Z0CnhjYO9OaRJ1CwOfkxaNmxuShyvKA1VzaNcMfwU17JoAYBMHX4L0_ldwcHxZDQxoHo_ZVtBxvy2iNsVrpOH9YRdAw-kLYO_kuQrgrNIlE9Z5qd8_M8ZS3zTaafg1WRTLjJMoyvoqXcJifBBVY=s640-no','https://lh3.googleusercontent.com/pw/ACtC-3fw1RDzsGPQa1CQZy376YYyT0rdn5KY1joFeKNcX0fR1kqc9vK5Qd8fSAZICmdqMBl_cyJZc8UregEYnpbEjMI-zuTF0EO8axmt_hVMHkyQ_F7Oewq-uxHe4BhH6GiJm2VDMLG7V8K1SucpS8Tx8tk7=w700-h400-no?authuser=0','NTT Data - Chi nhánh ĐN','Đinh Thùy Linh','Gia công phần mềm cho Nhật','0933140284',_binary '','http://www.nttdata.com.vn/',5,'1'),(6,NULL,'2022-01-12 08:27:46',NULL,NULL,'2022-01-12 08:27:46','Danang Software Park – 6th Floor 02 Quang Trung Street, Hai Chau District Danang, Vietnam','https://lh3.googleusercontent.com/pw/ACtC-3dClMg6wr5ZmQtHk7glEi9Fga33J-nSRLk-CpVWyMADh6JTF1gr6xlsbf-CCR9EEfQu6QmpSObFmW2JHtYOxqzlTwf4TxTw2ju3YGN_mouUPUOxklHhk3QU6PWy7AmTmHJqN9lKGsTF-32wuSaE3-aI=w546-h410-no','https://lh3.googleusercontent.com/pw/ACtC-3elaU49lL0ccwGOXSJ6LYadnDLY6Lj00I0vK3a_Dv18gOxgUjlgSGf6u-78F667Gw2ecH7JVWRuzp3QX02FG0mBKHmtYt1MhTk0WAjb3aDH8XAimFiJl4DgbH_pwYtbZarxlENIVIPoqZIRdsuO_P2y=w1560-h979-no?authuser=0','Evizi','Nguyễn Thùy Linh','Gia công phần mềm cho thị trường Mỹ','0979115345',_binary '','http://evizi.com/',6,'1'),(7,NULL,'2022-01-12 08:27:46',NULL,NULL,'2022-01-12 08:27:46','8th Floor, DaNang Software Park,  02 Quang Trung Street, DaNang City, Vietnam','https://lh3.googleusercontent.com/pw/ACtC-3cWe6nuN-3fxGl_YDTFxDbG1yotg_rhYd-853i-uSX2p-lLR3tjNk1HOw-KZ7QdkOxW0wLWPkYfKKyEqcmkqjaJmlFTcl82rll-OIcM0IcMYaUv_Y7VkCacAGIxIFMxeaPzz_zn5DTJIWcqv0rTguv3=w800-h536-no','https://lh3.googleusercontent.com/pw/ACtC-3fu-ZNBg48mmkZW70aK8zXXMV7BE5v5Od-63DIy1NKD9fN4XHyxMJgtPD4WOu_WP9KxQM4-QiBGaQ-XJl3_OeSw6s-wD_7cYoOk4_ilwtti-LWSxUVg7M1GLTF8EXO3Who7Ztny9yy7YAC59SO1vJR6=w800-h467-no?authuser=0','Magrabbit','Đỗ Hà Linh','Gia công phần mềm cho Mỹ ','0986306331',_binary '','http://magrabbit.com',7,'1'),(8,NULL,'2022-01-12 08:27:46',NULL,NULL,'2022-01-12 08:27:46','Tầng 6, toà nhà Phi Long, 52 Nguyễn Văn Linh, Đà Nẵng','https://lh3.googleusercontent.com/pw/ACtC-3fu8NIwYAL5M0p59DsGUf-1EQmMCavkYnKClLHjQgVhLtkhw9dpAD8mXqwKfd81Ztu69zuDobN1gxmlnITZ-QeQlgLqcrTP73qB5FvZYOan1zJtvxrUF-3hYEZBFBCtT6_WR4jDeSHZcVYqITusN2LY=w546-h444-no','https://lh3.googleusercontent.com/pw/ACtC-3eJfxOAB4woQv6SRrNKCR5ahYVpW7oU22M3n7vgHFDf98ZumrQEv_7Bd-c3QuQXYF9nIPBws90WeiXP2ZFXaLSFI2qxDBXroMtbVfePXC0QhPWoZU93Oxlx8NMADoY4Q4uUzjUG8jT9J5lw2WuMbuZk=w620-h405-no?authuser=0','Chi nhánh Công ty TNHH Global CyberSoft (Việt Nam) tại Đà Nẵng','Vũ Thùy Linh','Gia công phần mềm cho Nhật, Mỹ','0989393275',_binary '','http://www.globalcybersoft.com/',8,'1'),(9,NULL,'2022-01-12 08:27:46',NULL,NULL,'2022-01-12 08:27:46','10th Floor, Indochina Riverside Towers, 74 Bach Dang, Da Nang','https://lh3.googleusercontent.com/pw/ACtC-3eqqRyVatnpT-v0DicfzEbF9oyqRg-vOXo4_tzCnYUbQ7Shiikpy2lDNRXmE_lsv7V87VigcTV2E2h5YTcePL0pUH9-6jByRtJ1RdAyrJLms3dPMdfQUSILgWn1-LxvZTuck7h165AJUD9DwmLncKX-=s800-no','https://lh3.googleusercontent.com/pw/ACtC-3fLopcAoD2MRa_r2wrg92osrUw669IHGRAHGnpuz_qTdt0HA_cHV8h-rnPvyOPX2DswHyxHvlbElN5DIDuAMEt_WGwH1NVV316q_le6gzraBA1CuPE6Pn705bsVgMpM5Nz_b7WY4WvRV-GJVOkkh1xJ=w1567-h979-no?authuser=0','Game Loft','Đỗ Thùy Linh','Test và phát triển Game (đã đóng cửa tại ĐN)','0918289858',_binary '','http://www.gameloft-sea.com/',9,'0'),(10,NULL,'2022-01-12 08:27:46',NULL,NULL,'2022-01-12 08:27:46','31 Trần Phú, Đà Nẵng','https://lh3.googleusercontent.com/pw/ACtC-3ctFd-4vwzbM644m5S9N7NlwK0Tl_TG8pUrnjG-zScoiUwVTTl-D5bzWNVrlVywb7njqQbWLSI_jX5__uk1GYnGEUxjh91rgo06fRm8hQ-TOawIokb475O7bDzd_5-TlFgvUiV6V2ZuDfhtDL3qrHps=s640-no','https://lh3.googleusercontent.com/pw/ACtC-3eCU0AGjiJMbRc-YH5yqjOQKK9J1v3wqQGbD-lnul8rAtOh3-6kTCACWOD5ZA5QX_o_3YnNOAqhG-5S475XKp81YCthkUXv_hz2Vta8vpkkdBQRx1Rt0WWrXsCxS8lW-wg35A8ZBk_seU_clJbhxf1p=w1024-h568-no?authuser=0','Toàn Cầu xanh','Hoàng Nhật Mai','Phát triển Web, ứng dụng và gia công phần mềm','0933737485',_binary '','http://toancauxanh.vn/',10,'0'),(11,NULL,'2022-01-12 08:27:46',NULL,NULL,'2022-01-12 08:27:46',' 07th Floor - Danang Software Park, 02 Quang Trung St., Danang, VN','https://lh3.googleusercontent.com/pw/ACtC-3eOpmIThZq2yATAEkTwrnG5ArnxT70ty48d3AKzBa3OIWkH6ocWM2CHKoNdHrBs2Z9ppNokWCwhzTqx7nmCassumiHfFeRyAYuC5jb6g_YINzw-6kKnvb-tBGUYI27DaSNHL0pbk-8PbkH1CfjrZFVy=s640-no','https://lh3.googleusercontent.com/pw/ACtC-3d0md-8qHevJ9ixcvShubVYYeT2CkAHUte-N6TohnAapLMfiWAXBdxvw9nfbeTFNAhct14G4rZQIoZDpndy3U3ISszFJMU-5Qj6s_0c_62MmfOWOnAPgZWe-nATHdZ1ur2agaPzNvey1C_9t5sMZYuW=w1741-h979-no?authuser=0','Unitech (Việt Nam) - UniSoft (Nhật)','Nguyễn Trọng Minh','Gia công phần mềm cho Nhật, Mỹ','0982913919',_binary '','tinhte.vn',11,'0'),(12,NULL,'2022-01-12 08:27:46',NULL,NULL,'2022-01-12 08:27:46','Lô 35 Đường số 4, An Hải Bắc, Sơn Trà, Đà Nẵng','https://lh3.googleusercontent.com/pw/ACtC-3dWqETpcLCeyCbyixo_dsmnzLBWsQo9elL61xkdxndZiDlTlHLKDNP-Ju6u_OyaCt2jxwFdGrGkW1wc-PppbIyFw7n9S88QiY2f5FQ1E0q1Z-eiNRh3ODEaBuRF3krPC8vnDNLqIm5WFvwIVaV3Ozms=w1000-h646-no','https://lh3.googleusercontent.com/pw/ACtC-3dfOZhc_1Q4l1UaAkUqtAASh5Bv4iryOU0FdcU1N38fbokJpBFEe8Jgt4-2FstT5SmXntW-zLYiF0RQGVcigDvkX7YqVe6Qa-kgcB3blqsmbfgrMCRFYzocGWPc5ie_JqBtm427ju6daf9i_I0P6id7=w1600-h808-no?authuser=0','Công ty cổ phần AsianTech','Ngô Gia Minh','Gia công phần mềm cho Nhật','090836195',_binary '','http://asiantech.vn',12,'0'),(13,NULL,'2022-01-12 08:27:46',NULL,NULL,'2022-01-12 08:27:46','1331 Nguyễn Tất Thành, Đà Nẵng','https://lh3.googleusercontent.com/pw/ACtC-3ete44Q_6aNJarbnH3wekCqZQu_3UQZRCSvqi70Ms6w2nAwHkn-vqo7Xtp-hjY8HHey8ay0CCPikkum0gdpmDxYNmr5Yl2dhl2d8PzLvdgMrWYqS4XSyklqqK3iAWMJqTlkwGws5nUs6hNQwLg8Naof=s626-no','https://lh3.googleusercontent.com/pw/ACtC-3eHGJxRjXBX-9Jcv2aJWNveFFPcm_dl4EicfQFEoTAO-Lm9SO4xITrHPDc1D8CE7IMGgGdbQ9r644aX1X1zK7n35_v-1K_mM9kv54wZNXfaGxH_ZOldzbt4WAbSg_HvSmEu0K-ChM3JHjvd4ojXEEIJ=w1468-h979-no?authuser=0','CSFR Software co., ltd','Mai Hoàng Minh','Gia công phần mềm','0909714623',_binary '','jd.com',13,'0'),(14,NULL,'2022-01-12 08:27:46',NULL,NULL,'2022-01-12 08:27:46','Software Park, 02 - Quang Trung, Thach Thang, Hai Chau, Da Nang','https://lh3.googleusercontent.com/pw/ACtC-3cZp9Q4tCLWpaMB6z_h3XXVoRZ_ISQJ-xi0HcOM2eGqi12Zf756HZiH_DzrKr63OG6qfOxnr_pcmMWv67bsL7WIYgTCJB35NBuCXzQELdz4Cgmxy2u1U-urJMWznhb-MvB6bUo5mLKVjemTm8ZllgbU=s800-no','https://lh3.googleusercontent.com/pw/ACtC-3e54BTIiU_xJOQCD8CfaSMwFuJGPoBr0a54tpscQ8qKpH2iL_9spleXpuZ4ncKRMJ97-OSCaw9iDo-NwsuHi6_BZN5DpgpyRLUhJ2hQY0DJflK3yB1lYaVQHVwr8Dir362jaJoJiuLyCQG7NYMPp2fh=w750-h468-no?authuser=0','Vina Saver','Đỗ Hải Nam','Gia công phần mềm cho thị trường Nhật ','0917410493',_binary '','weibo.com',14,'0'),(15,NULL,'2022-01-12 08:27:46',NULL,NULL,'2022-01-12 08:27:46','No: 82,  Pham Tu Street,  Cam Le ward, Da Nang city, Viet Nam','https://lh3.googleusercontent.com/pw/ACtC-3dS5pnEE7DIp8CdDcgIwhwjUTZjQIJQmjuwaZn0mtQiOrRVYgXrhU6_DDl3E7m1mrTQsl0LOXpU7zMFHvviWeTx0TVbqVnBI9t5Kl39o-SwhTicJUbjVkf-FMdd6s7LWDDtEzN3Dw00yVqCOsPNGC_6=s225-no','https://lh3.googleusercontent.com/pw/ACtC-3eC-tCrOiIn8-NCCROe95dD10IklC7mpvbEGVCfdvqqsGLm-yofsFMk6KxR4RaC2E_nqd5TCLn-d4UGDEyc66PsQYN6hKoLIh8oTbRZAv7C6h0UZ_2OAcS3SgyAWznaJ5HUqA3JnctcEwDr7dcueiEq=w600-h375-no?authuser=0','Công ty TNHH CNTT Netbiz','Trần Bảo Ngân','Gia công phần mềm cho Nhật và dịch vụ hỗ trợ khách hàng. ','0903122556',_binary '','http://www.mptelecom.com.vn/',15,'0'),(16,NULL,'2022-01-12 08:27:46',NULL,NULL,'2022-01-12 08:27:46','Khu C, Fl 16, 02 Quang Trung, Thành phố Đà Nẵng, Việt Nam. ','https://lh3.googleusercontent.com/pw/ACtC-3cqLFerE7OUwQOqYuyUwm2C4v7Sn9X2HRuBlJtP3ZjIQGlf3jfRVeJnR8TQ9pK1qG2U1R7Lpi8FYexI-x8rf4cjYoG_Fjff-f5M36n6DV2BA_EL4kSsD9lpbmPg1-rbckyJDTIauGiQAeCMc0wNgLCQ=w252-h200-no','https://lh3.googleusercontent.com/pw/ACtC-3eC-tCrOiIn8-NCCROe95dD10IklC7mpvbEGVCfdvqqsGLm-yofsFMk6KxR4RaC2E_nqd5TCLn-d4UGDEyc66PsQYN6hKoLIh8oTbRZAv7C6h0UZ_2OAcS3SgyAWznaJ5HUqA3JnctcEwDr7dcueiEq=w600-h375-no?authuser=0','Công Ty TNHH Phần Mềm Máy Tính Nhật Bản  (Japan Computer Software Co. LTD.)','Bùi Kim Quyên','Triển khai các hệ thống phần mềm của ITC tại VN. Gia công phần mềm cho thị trường Nhật','098311883',_binary '','http://www.jcs-corp.com/',16,'0'),(17,NULL,'2022-01-12 08:27:46',NULL,NULL,'2022-01-12 08:27:46','Tầng 3, Tòa nhà số 15 Quang Trung, Đà Nẵng','https://lh3.googleusercontent.com/pw/ACtC-3cqLFerE7OUwQOqYuyUwm2C4v7Sn9X2HRuBlJtP3ZjIQGlf3jfRVeJnR8TQ9pK1qG2U1R7Lpi8FYexI-x8rf4cjYoG_Fjff-f5M36n6DV2BA_EL4kSsD9lpbmPg1-rbckyJDTIauGiQAeCMc0wNgLCQ=w252-h200-no','https://lh3.googleusercontent.com/pw/ACtC-3fQnhw8xSBO7oMbduFv5AbPxx-1i9MEjLq-IN-ZSW4ngGJpMk5kbVHshjcBGOalruXx57tju_6Boo81U2cqi1fBeHc_7zzwnMYwoSX5QI_8bk-q5EnOP5tWRtA0tBRnjMFGf-_dPoG_vO91fhU1sjo8=w1469-h979-no?authuser=0','Công Ty TNHH IF Việt Nam','Võ An Phước Thiện','Gia công phần mềm cho thị trường Nhật . 100% vốn đầu tư của Nhật, Chủ đầu tư là Công ty cổ phần I-Factory có trụ sở chính ở Tokyo, Nhật Bản.','0918129188',_binary '','http://i-fc.jp/',17,'0'),(18,NULL,'2022-01-12 08:27:46',NULL,NULL,'2022-01-12 08:27:46','PVFC Building at Lot A2.1, 30/04 street, Hai Chau District, Da Nang city','https://lh3.googleusercontent.com/pw/ACtC-3fSDWDljyxryAfJrlZTkid5A1a_RqDu-sWvUUOQJWqdGluRPhNJ9ib23VrNZiwIvSeZzru4ubt-E0aSPk7lBYMGs49x8I2i-tRdSPbRE07dGMG1kCYjFXWcycTw89NhqKo8HgiBWVHvOzyTItxh21tL=s300-no','https://lh3.googleusercontent.com/pw/ACtC-3cq2Pkr9lNrCoQ50DAup09XQ-uzfVV1VMtL74MJ4WlvqJ5Jjh6eACoXvz0M1Lmgc-L8e5TQPZXe1hjkJTEJk8U6kt6ijti7akW3w8d82_xNQgYANq_qnHfR9fOzc0V37346j3X7NT0rakKvjIimxfBY=w1473-h979-no?authuser=0','eSilicon Vietnam','Dương Hoài Phương','Gia công phần mềm cho Úc, Mỹ','0933484618',_binary '','http://www.esilicon.com/',18,'0'),(19,NULL,'2022-01-12 08:27:46',NULL,NULL,'2022-01-12 08:27:46','15 Quang Trung, Quận Hải Châu, Thành Phố Đà Nẵng','https://lh3.googleusercontent.com/pw/ACtC-3e-QEe4i7_33jutUqI-9KHxOdTcIJAl0Du5P4FghFoOazxCu_lFNMfSKu6Pv_urDddk-HWyStdXXpPzltW-z1CfEnKqjI9Sfeg4Ej7Xvzwd_auFIhWnfpOZp3p6FOtpABIL7kI5Sk0oZwBrE5K-dy7d=w275-h183-no','https://lh3.googleusercontent.com/pw/ACtC-3dGrKh7DHoDc_OT9ZWa-QTIAnIbYvMdij1_kmrym2j1odyWgijwO0yxriZJhnRNk8sWLbm8f9YAE8h8cUz_zVHc0XlufBy4mDZ91GWheKLbxlRU-kCuE73OGN5jRkpEctHY3mhH-0T9dQ3NTiWXcsHe=w1200-h675-no?authuser=0','Công ty TNHH Đầu tư và phát triển HPTek','Phan Vinh Bính','Gia công Phần mềm cho thị trường Mỹ Làm BPO','0383874672',_binary '','http://hptek.vn/',19,'0'),(20,NULL,'2022-01-12 08:27:46',NULL,NULL,'2022-01-12 08:27:46','Tòa Nhà Thành Quân 132-136 ・Lê Đình Lý - P. Vĩnh Trung - Thanh Khê - ĐN','https://lh3.googleusercontent.com/pw/ACtC-3dAqlfcBM4UahK4RQ5tlo0QY4QqeNEKbZXjEeZdcf5nHe4nMG2sQCnwW-wnNFnVjICXOOIOiF3rG6G0lw1Ef5b5t2oog6Zvbw2PcDkpJ2znj6xe8KH17qWMiVQlFMt5y-mN0rIOfmD4AIjOKqITYHUJ=s979-no','https://lh3.googleusercontent.com/pw/ACtC-3feRiKVfdfXJ8MSG8mMVu2FPumk_uj5SnBFGgofmYBHPzL4xSYt-62qQI4ediA1C_9dJbMPkmpawx8uZc40RYgZo-GVrBKFrCTVY1uKcn-5emziwZuM0gZOtnLI0wVeavjQ22UwNt-gIswM4s-JVZlR=w1000-h666-no?authuser=0','Công ty cổ phần Công nghệ DTT','Võ Minh Thư','Gia công phần mềm','0982882201',_binary '','http://dtt.vn/',20,'0'),(21,NULL,'2022-01-12 08:27:46',NULL,NULL,'2022-01-12 08:27:46','Tầng 11- Tòa nhà Vĩnh Trung Plaza, 255 Hùng Vương, Đà Nẵng','https://lh3.googleusercontent.com/pw/ACtC-3fzi3iGHIcpjWoXcEuC1H4yOXNTTZ_MLj5rOP5VbnWltyXL-k8PZO-r3JEk5lIm5YyROB0yt6NSBABd_lKQggPltE8qvIT2o3XaDY9fO7UqfziorcrxiAu31dAY3rCucgQzXGp65hIQN2ZkvsshWnPq=w251-h201-no','https://lh3.googleusercontent.com/pw/ACtC-3fK3oRN1Y7ngXjqdy6j4qC7rofxljsTCGknyXXCRRqcnLzabjwir8z3bIMTs2uOu00sJ4trq9j7jUjCqGov1leXMZmBHG3yoQx6IjPaJccNGmr3ghI8Om_0w1CKm7BxuyF6zVnyqsBhQe_yBbWJU867=w720-h480-no?authuser=0','SmartDev','Phan Huỳnh Ngọc Dung','Gia công phần mềm - Thị trường Châu Âu','0908356130',_binary '','http://smartdev.vn/',21,'0'),(22,NULL,'2022-01-12 08:27:46',NULL,NULL,'2022-01-12 08:27:46','Tầng 4 - Tòa nhà bưu điện - 155 Nguyễn Văn Linh- Đà Nẵng','https://lh3.googleusercontent.com/pw/ACtC-3dmZPnFHzht8FLqPFZHlhO203X6MKWJLm33JIWMeUmozWr-7AhlhBB0QgI269BmFurnMzC6eBom1lcifSMTXniKlFXLiRub6iW6x6IZzuG5KUTkXzT5rgSNNM1BypFieJDOhSwSJ7M859LCD7hHhemA=w400-h300-no','https://lh3.googleusercontent.com/pw/ACtC-3foqYqv_LE4upk23w2-fTqQTCN_3yab2bcaVmydq7Fdv7wPTpkc3xVJh_lL5Ois2e04gdgQOTZ2ieh5vsy4lMV16EwfeswYK5EgEkBIUgXxgVtU0fyhXoDdrmlxo4Oxr4cc9zdxUD9lCf1wOYEBC2te=w800-h541-no?authuser=0','Smoov Pte Ltd.','Nguyễn Vân Anh','Mobile App, Mobile Web','0988805526',_binary '','http://corporate.smoov.me',22,'0'),(23,NULL,'2022-01-12 08:27:46',NULL,NULL,'2022-01-12 08:27:46','Tầng 4_Tòa nhà F-HOME_16 Lý Thường Kiệt, Đà Nẵng','https://lh3.googleusercontent.com/pw/ACtC-3cpm51wGhPNEeIm0TswqEkiXpnFQcnajl8J6ufNqM51dmR_rb7Mw0wyH5QRg65d9QxLGhEngWoE7CTJ1O70XYZwIysuJZ5lEZEZqzISSM_DPkhn2iAd1cOtcnLYLEQ_bEtpSlU5jRJlirz-Dzk1O9SP=w400-h300-no','https://lh3.googleusercontent.com/pw/ACtC-3dixx1fOxawwM1NnEnVPdZWbUkSLF4v0w6HjBpYy6DEB5OtigZ2eMuSZZAZe3fS-QcWSWqP_xoAAQtHM7xKkF8apKIWxsJBWdwi1kc0JtLEtG6pliJdbrqKltCsoGs16O3TBc_NKz9FoenHkHOmDPYu=w1000-h663-no?authuser=0','Công ty Co-well - CN Đà Nẵng','Nguyễn Thế Vinh','Công ty 100% vốn đầu tư của Nhật, thuộc Tập đoàn SETA International Gia công cho Nhật Bản, Mỹ, Ireland','0918740540',_binary '','http://smartdev.vn',23,'0'),(24,NULL,'2022-01-12 08:27:46',NULL,NULL,'2022-01-12 08:27:46','Tầng 17F , Tòa nhà số 2 Quang Trung, Đà Nẵng','https://lh3.googleusercontent.com/pw/ACtC-3dKnUVoAJo92zCKbPFxgrQZslcW9jZUNQxgRRmHbzvKZDHxWXRYT7mT4wNzZLnnEQcV2NtoYMFTxGqHDc0rVz5IP9N2u3k5qjpWb_X2c39Yzr62Jg12bORwkgKKrBCsQ2hPPMra8VCPuc2OS0KdEr5P=w262-h192-no','https://lh3.googleusercontent.com/pw/ACtC-3c9oNzysVMCp8C8ZzPRFCSCTSRQUomf4WtCVwKP_CTiPijDoAfq7YKHMXh4FCbLIDMLMrXYPVskPjvdY2-qa614misiOZjqVOWpI-b4lQgasCT3Lyk-E9bL-hERoscU5N2tEB1GqThl-N8f1UH0eDpb=w1467-h979-no?authuser=0','Công ty Phần mềm ARCH','Nguyen Thi Thanh Bích','Công ty 100% vốn đầu tư của Nhật','084984888',_binary '','http://livepass.jp',24,'0'),(25,NULL,'2022-01-12 08:27:46',NULL,NULL,'2022-01-12 08:27:46','Tầng 11 tòa nhà Viettin Bank, Số 36 Trần Quốc Toản, Đà Nẵng','https://lh3.googleusercontent.com/pw/ACtC-3fk7VdGmJCNBP6QdBNZEE246BCWZMcNPGdEVpwLM50GER2k5vS83qK9cwDyeyTEZU2YhlhCosYE0Xzf1b1nEE1LkTHl8CxOK9i2K5wgpgzT0TBcATvhG77CMlIo77e0x25CzBEtXtDmnm3wv0r1uYn2=w267-h189-no','https://lh3.googleusercontent.com/pw/ACtC-3eWRkZ5dU7NPKyHQDgDJMS0t2hJ5ZGao3T8CMLTsVuMXfSvzxF2bRIe4uUv-NKIddFW0ioYcUPc567rdOxAuPCVfNhnzSNggGu7M02CH3e3nSwUqbPdw03BLUboBGUe4CxczK0DlU5GZmJB0_nG9rdV=w1567-h979-no?authuser=0','Công ty cổ phần Xuất Khẩu Phần Mềm Tinh Vân - Chi nhánh Đà Nẵng','Lê Minh Vương','Gia công và xuất khẩu phần mềm (PM) cho Mỹ, Đức, Singapore, Nhật','0986338854',_binary '','http://tinhvan.com',25,'0'),(26,NULL,'2022-01-12 08:27:46',NULL,NULL,'2022-01-12 08:27:46','Tầng 10 - Tòa nhà Thông tấn xã Việt Nam - Số 79-81 Quang Trung - Thành phố Đà Nẵng','https://lh3.googleusercontent.com/pw/ACtC-3cRt5ygJyXdJeLkvMhuk6WeOj3VTzfmQObTbCfNujSbBYqVGhSKUDXOxj5JOkPOTsELo6IcPPrUTfwvWQzil7delSoWXmsWQFpRJ0jqLk5HgFBxowkuz-4sLiqe3TDJ2o8M8DEKLyfOSdkCwmys8Iz1=s979-no','https://lh3.googleusercontent.com/pw/ACtC-3ffgbNtY-t0tnCgLaNcDfVoJYFtlgGWLh74lGB2U0IgTKqry_tlYzdCsRJEWHmGE2U7kGu3mVEBIV6nV9h7ZUXcO3ny-zrTO2bq7IPu2akh1ci2mg_jLbUqI2TydoPyBVr9R54tVTNztvbdeegJ9jgw=w1200-h720-no?authuser=0','Công ty Tin học và Xuất nhập khẩu BAP','Trương Gia Mẫn','Công ty cổ phần BAP chuyên làm offshore, game,app trên smartphone và web service cho thị trường nhật và việt nam.','0908248238',_binary '','http://tinhvan.com',26,'0'),(27,NULL,'2022-01-12 08:27:46',NULL,NULL,'2022-01-12 08:27:46','59A Lê Lợi - Hải Châu - Đà Nẵng.','https://lh3.googleusercontent.com/pw/ACtC-3dq7wwMx_rxKa46rfDxOjCgN6mE3WTPDOdJoFk_mfIdbIYBmhNUNxCQgGmO3ctayGwT2u1ZFb0HkzqaZJW6SZOTqXs__Sc8_yBknf0FB2outB4_EUlBvqAP7y6CrSrxdLUVDllZF96DXEr9XksQk40e=w267-h189-no','https://lh3.googleusercontent.com/pw/ACtC-3c-HAZFK1ImU_duf3M7z-CEGqOAUruE2Ij8vWG8Af2vhyTCJ1YCbXNkRhnHq0o5pytAlSIRo7DJb26QwL5Glu17Hl81uSHUZfSugcT_3N9aRgZii4J0oMg3b-QORZJvCT3SOvJW6EzZFE_cHkEWie_7=w1000-h627-no?authuser=0','Công Ty TNHH Code Engine Studio Việt Nam ','Vương Thu Hiền','Gia công phần mềm thị trường tiếng Anh','0919655801',_binary '','http://codeenginestudio.com/',27,'0'),(28,NULL,'2022-01-12 08:27:46',NULL,NULL,'2022-01-12 08:27:46','Section H, 17th Floor, Da Nang Software Park, No.2 Quang Trung str.,Hai Chau District, Da Nang City','https://lh3.googleusercontent.com/pw/ACtC-3dl7f9HvgfPSDIIpC-jn1gNCUbmpyd0Yszcyq_If_L1wNmHYthgCSB3E3UbYEggQgubf1orusrRQo4tBnSw0TVMLpYmdAJ7dkhkoZd3Hr20KUnyY_hw2I1MBR9HQIUQeGnvni3H1nuv-eIzEL4iJ30l=w768-h591-no','https://lh3.googleusercontent.com/pw/ACtC-3dL9DXhrB9gUAKkfGlFUWWAh8M3eI7911yz2Ocba6OwzhpsWN_CWVFDSe1YRddpcnBUNe6he9OZroFB1S8tNmKY7M-Q1jqO18NeljBXcAGES-meGCanIvRp-UPYaZ7A3cKYmsmY3cRZ7eZ80JEd4Yje=w1865-h979-no?authuser=0','Cosmo Medical Technology Co., Ltd','Châu Thị Kim Anh','Công ty của Nhật','0903112536',_binary '','http://codeenginestudio.com/',28,'0'),(29,NULL,'2022-01-12 08:27:46',NULL,NULL,'2022-01-12 08:27:46','Lô A2.1, Đường 30/4, Phường Hoà Cường Bắc, Quận Hải Châu, Đà Nẵng ','https://lh3.googleusercontent.com/pw/ACtC-3f6wS0YEbzS6dF0GOreV7igtNQo7MrWjMa6C4qJkoLZdqSQqeX_3RbHFaBYa_5iAthCKlJWgrodIcjqm1Sv9OX8uZqEmSj-AQYUWHrlsc2qqK26rskvxpd2Kr5PZyYH31LVG_U6k6gfS7et2yXwV1JM=s225-no','https://lh3.googleusercontent.com/pw/ACtC-3c0jXcCQo_3n39CEOYEOn2bRx0_OZWBSO8qV-3Ow2hHYm3bbH3ZD1D_gvFGTs_h7m9pfcqW8cE8jk7-7p-9I7A4XslYk1fAD5q1gAKfIZMJ-nPbG1x6NWL-0W1QqZNTcpyKHTePV_9sRFnD8t5cyMnm=w1469-h979-no?authuser=0','Aperia Solutions (Viet Nam)','Cao Minh Hiền','Doanh nghiệp 100% vốn đầu tư nước ngoài','0909151486',_binary '','http://aperia.com/',29,'0'),(30,NULL,'2022-01-12 08:27:46',NULL,NULL,'2022-01-12 08:27:46','Tầng 4, 223 Trần Phú, Quận Hải Châu, Đà Nẵng, Việt Nam','https://lh3.googleusercontent.com/pw/ACtC-3f14x0CnWkuammZk6gVxwvx36JHeAfz270wTd-Z6yTV0UuH4ypA0cTOt7Xog3vjbx8ZQdRjFqKktuP3u3e50kcLJLClns7PrGvj4z9s7WAHZpRkZvhwTLQQJVcVFcHS8TvngDGV9VFXdWaKo8XIj7Ed=s360-no','https://lh3.googleusercontent.com/pw/ACtC-3cWYyqg22qB0hNyn-ap2ORo_HJsrEx8wwrtOW1kt8orDhn0jeVUN4bgqIehSy4C22UN8xsfJmytXURP00qX-Tb8D0WdWifk7yv-ILUEonRA2bTvcY-21yOpqcLB38gzSHKbTlkGvZjq0Eu63N6N2WoC=w1743-h979-no?authuser=0','Lexim Global','Võ Thị Tuyết Vân','Gia công phần mềm cho Mỹ, VP chính ở Los Angeles','0919413401',_binary '','http://aperia.com/',30,'0');
/*!40000 ALTER TABLE `company` ENABLE KEYS */;
UNLOCK TABLES;

--
-- Table structure for table `level`
--

DROP TABLE IF EXISTS `level`;
/*!40101 SET @saved_cs_client     = @@character_set_client */;
/*!50503 SET character_set_client = utf8mb4 */;
CREATE TABLE `level` (
  `id` int NOT NULL AUTO_INCREMENT,
  `create_by` varchar(255) DEFAULT NULL,
  `create_time` datetime DEFAULT NULL,
  `remark` varchar(255) DEFAULT NULL,
  `update_by` varchar(255) DEFAULT NULL,
  `update_time` datetime DEFAULT NULL,
  `name_level` varchar(255) DEFAULT NULL,
  PRIMARY KEY (`id`)
) ENGINE=InnoDB AUTO_INCREMENT=7 DEFAULT CHARSET=utf8mb4 COLLATE=utf8mb4_0900_ai_ci;
/*!40101 SET character_set_client = @saved_cs_client */;

--
-- Dumping data for table `level`
--

LOCK TABLES `level` WRITE;
/*!40000 ALTER TABLE `level` DISABLE KEYS */;
INSERT INTO `level` VALUES (1,NULL,'2022-01-12 08:27:46',NULL,NULL,'2022-01-12 08:27:46','Internship'),(2,NULL,'2022-01-12 08:27:46',NULL,NULL,'2022-01-12 08:27:46','Fresher'),(3,NULL,'2022-01-12 08:27:46',NULL,NULL,'2022-01-12 08:27:46','Senior'),(4,NULL,'2022-01-12 08:27:46',NULL,NULL,'2022-01-12 08:27:46','Junior'),(5,NULL,'2022-01-12 08:27:46',NULL,NULL,'2022-01-12 08:27:46','Team Leader'),(6,NULL,'2022-01-12 08:27:46',NULL,NULL,'2022-01-12 08:27:46','Project Manager');
/*!40000 ALTER TABLE `level` ENABLE KEYS */;
UNLOCK TABLES;

--
-- Table structure for table `recruitment`
--

DROP TABLE IF EXISTS `recruitment`;
/*!40101 SET @saved_cs_client     = @@character_set_client */;
/*!50503 SET character_set_client = utf8mb4 */;
CREATE TABLE `recruitment` (
  `id` int NOT NULL AUTO_INCREMENT,
  `create_by` varchar(255) DEFAULT NULL,
  `create_time` datetime DEFAULT NULL,
  `remark` varchar(255) DEFAULT NULL,
  `update_by` varchar(255) DEFAULT NULL,
  `update_time` datetime DEFAULT NULL,
  `address` varchar(255) DEFAULT NULL,
  `ads_status` varchar(255) DEFAULT NULL,
  `amount_employee` int DEFAULT NULL,
  `date_recruitment` datetime DEFAULT NULL,
  `job_benefits` longtext,
  `job_description` longtext,
  `job_requirements` longtext,
  `job_title` varchar(255) DEFAULT NULL,
  `salary` varchar(255) DEFAULT NULL,
  `status` varchar(255) DEFAULT NULL,
  `career_id` int DEFAULT NULL,
  `company_id` int DEFAULT NULL,
  `level_id` int DEFAULT NULL,
  `type_work_id` int DEFAULT NULL,
  `work_experience` varchar(255) DEFAULT NULL,
  `is_active` bit(1) NOT NULL,
  `address_id` int DEFAULT NULL,
  PRIMARY KEY (`id`),
  KEY `FKlv2gvvr00rfu9554g5ksia3dh` (`career_id`),
  KEY `FKhqr6dcxsxv7gi0f5xmcgf0h93` (`level_id`),
  KEY `FKftia1cj78x6r50w7xbp6asqcl` (`type_work_id`),
  KEY `FKc8ro055m1iceebbktg9epdci9` (`company_id`),
  KEY `FKryyfgryr845byp752fjw6x6up` (`address_id`),
  CONSTRAINT `FKc8ro055m1iceebbktg9epdci9` FOREIGN KEY (`company_id`) REFERENCES `company` (`id`) ON DELETE CASCADE,
  CONSTRAINT `FKftia1cj78x6r50w7xbp6asqcl` FOREIGN KEY (`type_work_id`) REFERENCES `type_work` (`id`),
  CONSTRAINT `FKhqr6dcxsxv7gi0f5xmcgf0h93` FOREIGN KEY (`level_id`) REFERENCES `level` (`id`),
  CONSTRAINT `FKlv2gvvr00rfu9554g5ksia3dh` FOREIGN KEY (`career_id`) REFERENCES `career` (`id`),
  CONSTRAINT `FKryyfgryr845byp752fjw6x6up` FOREIGN KEY (`address_id`) REFERENCES `address` (`id`)
) ENGINE=InnoDB AUTO_INCREMENT=80 DEFAULT CHARSET=utf8mb4 COLLATE=utf8mb4_0900_ai_ci;
/*!40101 SET character_set_client = @saved_cs_client */;

--
-- Dumping data for table `recruitment`
--

LOCK TABLES `recruitment` WRITE;
/*!40000 ALTER TABLE `recruitment` DISABLE KEYS */;
INSERT INTO `recruitment` VALUES (1,NULL,'2022-01-12 08:27:47',NULL,NULL,'2022-01-12 08:27:47','125 Hai Bà Trưng, P. Bến Nghé, Q. 1, TP. Hồ Chí Minh',NULL,6,'2022-03-16 00:00:00','- Lương thoả thuận khi phỏng vấn','- Thực hiện các dự án công nghệ của công ty, theo từng giai đoạn','- Tốt nghiệp Cao đẳng / Đại học hoặc tương đương về chuyên ngành CNTT phần cứng, mạng, hoặc các bằng cấp liên quan.','Senior PHP Developer (English)','1','1',1,1,1,1,'Ít nhất 1 năm',_binary '',1),(5,NULL,'2022-01-12 08:27:47',NULL,NULL,'2022-01-12 08:27:47','125 Hai Bà Trưng, P. Bến Nghé, Q. 1, TP. Hồ Chí Minh',NULL,1,'2022-03-16 00:00:00','- Lương thoả thuận khi phỏng vấn','- Thực hiện các dự án công nghệ của công ty, theo từng giai đoạn','- Tốt nghiệp Cao đẳng / Đại học hoặc tương đương về chuyên ngành CNTT phần cứng, mạng, hoặc các bằng cấp liên quan.','iOS Developer (Swift, OOP, MVC)','5','1',5,5,1,2,'Ít nhất 1 năm',_binary '',2),(6,NULL,'2022-01-12 08:27:47',NULL,NULL,'2022-01-12 08:27:47','125 Hai Bà Trưng, P. Bến Nghé, Q. 1, TP. Hồ Chí Minh',NULL,6,'2022-03-16 00:00:00','- Lương thoả thuận khi phỏng vấn','- Thực hiện các dự án công nghệ của công ty, theo từng giai đoạn','- Tốt nghiệp Cao đẳng / Đại học hoặc tương đương về chuyên ngành CNTT phần cứng, mạng, hoặc các bằng cấp liên quan.','02 PHP Developers (MySQL,NoSQL)','1','1',6,6,4,2,'Ít nhất 1 năm',_binary '\0',3),(7,NULL,'2022-01-12 08:27:47',NULL,NULL,'2022-01-12 08:27:47','125 Hai Bà Trưng, P. Bến Nghé, Q. 1, TP. Hồ Chí Minh',NULL,2,'2022-03-16 00:00:00','- Lương thoả thuận khi phỏng vấn','- Thực hiện các dự án công nghệ của công ty, theo từng giai đoạn','- Tốt nghiệp Cao đẳng / Đại học hoặc tương đương về chuyên ngành CNTT phần cứng, mạng, hoặc các bằng cấp liên quan.','05 C/C++ Developers','2','1',7,7,5,2,'Ít nhất 1 năm',_binary '\0',1),(8,NULL,'2022-01-12 08:27:47',NULL,NULL,'2022-01-12 08:27:47','125 Hai Bà Trưng, P. Bến Nghé, Q. 1, TP. Hồ Chí Minh',NULL,12,'2022-03-16 00:00:00','- Lương thoả thuận khi phỏng vấn','- Thực hiện các dự án công nghệ của công ty, theo từng giai đoạn','- Tốt nghiệp Cao đẳng / Đại học hoặc tương đương về chuyên ngành CNTT phần cứng, mạng, hoặc các bằng cấp liên quan.','05 Java Developers (Spring, J2EE)','3','1',8,8,5,2,'Ít nhất 1 năm',_binary '\0',2),(9,NULL,'2022-01-12 08:27:47',NULL,NULL,'2022-01-12 08:27:47','125 Hai Bà Trưng, P. Bến Nghé, Q. 1, TP. Hồ Chí Minh',NULL,11,'2022-03-16 00:00:00','- Lương thoả thuận khi phỏng vấn','- Thực hiện các dự án công nghệ của công ty, theo từng giai đoạn','- Tốt nghiệp Cao đẳng / Đại học hoặc tương đương về chuyên ngành CNTT phần cứng, mạng, hoặc các bằng cấp liên quan.','Mobile Dev (Android/iOS/React Native)','1','1',1,9,1,1,'Ít nhất 1 năm',_binary '\0',3),(10,NULL,'2022-01-12 08:27:47',NULL,NULL,'2022-01-12 08:27:47','125 Hai Bà Trưng, P. Bến Nghé, Q. 1, TP. Hồ Chí Minh',NULL,10,'2022-03-16 00:00:00','- Lương thoả thuận khi phỏng vấn','- Thực hiện các dự án công nghệ của công ty, theo từng giai đoạn','- Tốt nghiệp Cao đẳng / Đại học hoặc tương đương về chuyên ngành CNTT phần cứng, mạng, hoặc các bằng cấp liên quan.','Tester Manager (QA/ AC)','4','1',2,10,1,3,'Ít nhất 1 năm',_binary '\0',3),(11,NULL,'2022-01-12 08:27:47',NULL,NULL,'2022-01-12 08:27:47','125 Hai Bà Trưng, P. Bến Nghé, Q. 1, TP. Hồ Chí Minh',NULL,10,'2022-03-16 00:00:00','- Lương thoả thuận khi phỏng vấn','- Thực hiện các dự án công nghệ của công ty, theo từng giai đoạn','- Tốt nghiệp Cao đẳng / Đại học hoặc tương đương về chuyên ngành CNTT phần cứng, mạng, hoặc các bằng cấp liên quan.','10 Mid-Senior-Tech Lead - PHP Developers','4','1',3,11,2,3,'Ít nhất 1 năm',_binary '\0',2),(12,NULL,'2022-01-12 08:27:47',NULL,NULL,'2022-01-12 08:27:47','125 Hai Bà Trưng, P. Bến Nghé, Q. 1, TP. Hồ Chí Minh',NULL,10,'2022-03-16 00:00:00','- Lương thoả thuận khi phỏng vấn','- Thực hiện các dự án công nghệ của công ty, theo từng giai đoạn','- Tốt nghiệp Cao đẳng / Đại học hoặc tương đương về chuyên ngành CNTT phần cứng, mạng, hoặc các bằng cấp liên quan.','Senior PHP Developer (PHP, MySQL)','4','1',4,12,1,2,'Ít nhất 1 năm',_binary '\0',1),(13,NULL,'2022-01-12 08:27:47',NULL,NULL,'2022-01-12 08:27:47','125 Hai Bà Trưng, P. Bến Nghé, Q. 1, TP. Hồ Chí Minh',NULL,10,'2022-03-16 00:00:00','- Lương thoả thuận khi phỏng vấn','- Thực hiện các dự án công nghệ của công ty, theo từng giai đoạn','- Tốt nghiệp Cao đẳng / Đại học hoặc tương đương về chuyên ngành CNTT phần cứng, mạng, hoặc các bằng cấp liên quan.','3 PHP Dev (JavaScript, HTML5) Upto 1500$','4','1',5,13,1,3,'Ít nhất 1 năm',_binary '\0',1),(14,NULL,'2022-01-12 08:27:47',NULL,NULL,'2022-01-12 08:27:47','125 Hai Bà Trưng, P. Bến Nghé, Q. 1, TP. Hồ Chí Minh',NULL,10,'2022-03-16 00:00:00','- Lương thoả thuận khi phỏng vấn','- Thực hiện các dự án công nghệ của công ty, theo từng giai đoạn','- Tốt nghiệp Cao đẳng / Đại học hoặc tương đương về chuyên ngành CNTT phần cứng, mạng, hoặc các bằng cấp liên quan.','PHP Developer (Laravel, ReactJS)','4','1',6,14,1,3,'Ít nhất 1 năm',_binary '\0',2),(15,NULL,'2022-01-12 08:27:47',NULL,NULL,'2022-01-12 08:27:47','125 Hai Bà Trưng, P. Bến Nghé, Q. 1, TP. Hồ Chí Minh',NULL,10,'2022-03-16 00:00:00','- Lương thoả thuận khi phỏng vấn','- Thực hiện các dự án công nghệ của công ty, theo từng giai đoạn','- Tốt nghiệp Cao đẳng / Đại học hoặc tương đương về chuyên ngành CNTT phần cứng, mạng, hoặc các bằng cấp liên quan.','Dev Operations Application (C#, PHP)','2','1',7,15,2,3,'Ít nhất 1 năm',_binary '\0',3),(16,NULL,'2022-01-12 08:27:47',NULL,NULL,'2022-01-12 08:27:47','125 Hai Bà Trưng, P. Bến Nghé, Q. 1, TP. Hồ Chí Minh',NULL,10,'2022-03-16 00:00:00','- Lương thoả thuận khi phỏng vấn','- Thực hiện các dự án công nghệ của công ty, theo từng giai đoạn','- Tốt nghiệp Cao đẳng / Đại học hoặc tương đương về chuyên ngành CNTT phần cứng, mạng, hoặc các bằng cấp liên quan.','Web Engineer (Java, PHP, Japanese N2)','4','1',8,16,3,3,'Ít nhất 1 năm',_binary '\0',3),(17,NULL,'2022-01-12 08:27:47',NULL,NULL,'2022-01-12 08:27:47','125 Hai Bà Trưng, P. Bến Nghé, Q. 1, TP. Hồ Chí Minh',NULL,10,'2022-03-16 00:00:00','- Lương thoả thuận khi phỏng vấn','- Thực hiện các dự án công nghệ của công ty, theo từng giai đoạn','- Tốt nghiệp Cao đẳng / Đại học hoặc tương đương về chuyên ngành CNTT phần cứng, mạng, hoặc các bằng cấp liên quan.','Web PHP Developer (Laravel, Wordpress)','4','1',1,17,1,3,'Ít nhất 1 năm',_binary '\0',1),(18,NULL,'2022-01-12 08:27:47',NULL,NULL,'2022-01-12 08:27:47','125 Hai Bà Trưng, P. Bến Nghé, Q. 1, TP. Hồ Chí Minh',NULL,10,'2022-03-16 00:00:00','- Lương thoả thuận khi phỏng vấn','- Thực hiện các dự án công nghệ của công ty, theo từng giai đoạn','- Tốt nghiệp Cao đẳng / Đại học hoặc tương đương về chuyên ngành CNTT phần cứng, mạng, hoặc các bằng cấp liên quan.','03 PHP Team Leaders','4','0',2,18,1,3,'Ít nhất 1 năm',_binary '\0',2),(19,NULL,'2022-01-12 08:27:47',NULL,NULL,'2022-01-12 08:27:47','125 Hai Bà Trưng, P. Bến Nghé, Q. 1, TP. Hồ Chí Minh',NULL,10,'2022-03-16 00:00:00','- Lương thoả thuận khi phỏng vấn','- Thực hiện các dự án công nghệ của công ty, theo từng giai đoạn','- Tốt nghiệp Cao đẳng / Đại học hoặc tương đương về chuyên ngành CNTT phần cứng, mạng, hoặc các bằng cấp liên quan.','02 PHP Developers (MySQL,NoSQL)','3','0',3,19,1,3,'Ít nhất 1 năm',_binary '\0',1),(20,NULL,'2022-01-12 08:27:47',NULL,NULL,'2022-01-12 08:27:47','125 Hai Bà Trưng, P. Bến Nghé, Q. 1, TP. Hồ Chí Minh',NULL,10,'2022-03-16 00:00:00','- Lương thoả thuận khi phỏng vấn','- Thực hiện các dự án công nghệ của công ty, theo từng giai đoạn','- Tốt nghiệp Cao đẳng / Đại học hoặc tương đương về chuyên ngành CNTT phần cứng, mạng, hoặc các bằng cấp liên quan.','Senior Dev/Team Leader (PHP, JavaScipt)','4','0',4,20,1,3,'Ít nhất 1 năm',_binary '\0',1),(21,NULL,'2022-01-12 08:27:47',NULL,NULL,'2022-01-12 08:27:47','125 Hai Bà Trưng, P. Bến Nghé, Q. 1, TP. Hồ Chí Minh',NULL,10,'2022-03-16 00:00:00','- Lương thoả thuận khi phỏng vấn','- Thực hiện các dự án công nghệ của công ty, theo từng giai đoạn','- Tốt nghiệp Cao đẳng / Đại học hoặc tương đương về chuyên ngành CNTT phần cứng, mạng, hoặc các bằng cấp liên quan.','Java Developer (.NET, PL/SQL)','4','1',5,21,4,3,'Ít nhất 1 năm',_binary '\0',1),(22,NULL,'2022-01-12 08:27:47',NULL,NULL,'2022-01-12 08:27:47','125 Hai Bà Trưng, P. Bến Nghé, Q. 1, TP. Hồ Chí Minh',NULL,10,'2022-03-16 00:00:00','- Lương thoả thuận khi phỏng vấn','- Thực hiện các dự án công nghệ của công ty, theo từng giai đoạn','- Tốt nghiệp Cao đẳng / Đại học hoặc tương đương về chuyên ngành CNTT phần cứng, mạng, hoặc các bằng cấp liên quan.','Frontend Developer (ReactJS, HTML, CSS)','4','1',6,22,1,4,'Ít nhất 1 năm',_binary '\0',1),(23,NULL,'2022-01-12 08:27:47',NULL,NULL,'2022-01-12 08:27:47','125 Hai Bà Trưng, P. Bến Nghé, Q. 1, TP. Hồ Chí Minh',NULL,10,'2022-03-16 00:00:00','- Lương thoả thuận khi phỏng vấn','- Thực hiện các dự án công nghệ của công ty, theo từng giai đoạn','- Tốt nghiệp Cao đẳng / Đại học hoặc tương đương về chuyên ngành CNTT phần cứng, mạng, hoặc các bằng cấp liên quan.','WordPress Developer (PHP)','4','1',7,23,1,3,'Ít nhất 1 năm',_binary '\0',3),(24,NULL,'2022-01-12 08:27:47',NULL,NULL,'2022-01-12 08:27:47','125 Hai Bà Trưng, P. Bến Nghé, Q. 1, TP. Hồ Chí Minh',NULL,10,'2022-03-16 00:00:00','- Lương thoả thuận khi phỏng vấn','- Thực hiện các dự án công nghệ của công ty, theo từng giai đoạn','- Tốt nghiệp Cao đẳng / Đại học hoặc tương đương về chuyên ngành CNTT phần cứng, mạng, hoặc các bằng cấp liên quan.','Java Developer (Spring, eclipse,web)','4','1',8,24,1,3,'Ít nhất 1 năm',_binary '\0',3),(25,NULL,'2022-01-12 08:27:47',NULL,NULL,'2022-01-12 08:27:47','125 Hai Bà Trưng, P. Bến Nghé, Q. 1, TP. Hồ Chí Minh',NULL,10,'2022-03-16 00:00:00','- Lương thoả thuận khi phỏng vấn','- Thực hiện các dự án công nghệ của công ty, theo từng giai đoạn','- Tốt nghiệp Cao đẳng / Đại học hoặc tương đương về chuyên ngành CNTT phần cứng, mạng, hoặc các bằng cấp liên quan.','Frontend Developer (ReactJS, JavaScript)','4','1',1,25,1,3,'Ít nhất 1 năm',_binary '\0',3),(26,NULL,'2022-01-12 08:27:47',NULL,NULL,'2022-01-12 08:27:47','125 Hai Bà Trưng, P. Bến Nghé, Q. 1, TP. Hồ Chí Minh',NULL,10,'2022-03-16 00:00:00','- Lương thoả thuận khi phỏng vấn','- Thực hiện các dự án công nghệ của công ty, theo từng giai đoạn','- Tốt nghiệp Cao đẳng / Đại học hoặc tương đương về chuyên ngành CNTT phần cứng, mạng, hoặc các bằng cấp liên quan.','Mobile Developer (iOS/Android)','4','1',2,26,5,3,'Ít nhất 1 năm',_binary '\0',2),(27,NULL,'2022-01-12 08:27:47',NULL,NULL,'2022-01-12 08:27:47','125 Hai Bà Trưng, P. Bến Nghé, Q. 1, TP. Hồ Chí Minh',NULL,10,'2022-03-16 00:00:00','- Lương thoả thuận khi phỏng vấn','- Thực hiện các dự án công nghệ của công ty, theo từng giai đoạn','- Tốt nghiệp Cao đẳng / Đại học hoặc tương đương về chuyên ngành CNTT phần cứng, mạng, hoặc các bằng cấp liên quan.','Senior Ruby on Rails Developer','5','1',3,27,1,3,'Ít nhất 1 năm',_binary '\0',2),(28,NULL,'2022-01-12 08:27:47',NULL,NULL,'2022-01-12 08:27:47','125 Hai Bà Trưng, P. Bến Nghé, Q. 1, TP. Hồ Chí Minh',NULL,10,'2022-03-16 00:00:00','- Lương thoả thuận khi phỏng vấn','- Thực hiện các dự án công nghệ của công ty, theo từng giai đoạn','- Tốt nghiệp Cao đẳng / Đại học hoặc tương đương về chuyên ngành CNTT phần cứng, mạng, hoặc các bằng cấp liên quan.','DevOps/System Admin Engineer','4','1',4,28,6,3,'Ít nhất 1 năm',_binary '\0',3),(29,NULL,'2022-01-12 08:27:47',NULL,NULL,'2022-01-12 08:27:47','125 Hai Bà Trưng, P. Bến Nghé, Q. 1, TP. Hồ Chí Minh',NULL,10,'2022-03-16 00:00:00','- Lương thoả thuận khi phỏng vấn','- Thực hiện các dự án công nghệ của công ty, theo từng giai đoạn','- Tốt nghiệp Cao đẳng / Đại học hoặc tương đương về chuyên ngành CNTT phần cứng, mạng, hoặc các bằng cấp liên quan.','GAME Developer (Mobile Game - Cocos)','5','1',5,29,1,5,'Ít nhất 1 năm',_binary '\0',1),(30,NULL,'2022-01-12 08:27:47',NULL,NULL,'2022-01-12 08:27:47','125 Hai Bà Trưng, P. Bến Nghé, Q. 1, TP. Hồ Chí Minh',NULL,10,'2022-03-16 00:00:00','- Lương thoả thuận khi phỏng vấn','- Thực hiện các dự án công nghệ của công ty, theo từng giai đoạn','- Tốt nghiệp Cao đẳng / Đại học hoặc tương đương về chuyên ngành CNTT phần cứng, mạng, hoặc các bằng cấp liên quan.','Delivery Manager - Up to 4000$','6','1',6,30,6,3,'Ít nhất 1 năm',_binary '\0',2),(31,NULL,'2022-01-12 08:27:47',NULL,NULL,'2022-01-12 08:27:47','125 Hai Bà Trưng, P. Bến Nghé, Q. 1, TP. Hồ Chí Minh',NULL,10,'2022-03-16 00:00:00','- Lương thoả thuận khi phỏng vấn','- Thực hiện các dự án công nghệ của công ty, theo từng giai đoạn','- Tốt nghiệp Cao đẳng / Đại học hoặc tương đương về chuyên ngành CNTT phần cứng, mạng, hoặc các bằng cấp liên quan.','Sr Frontend Developers x5 (JavaScript)','4','1',7,1,6,6,'Ít nhất 1 năm',_binary '\0',2),(35,NULL,'2022-01-12 08:27:47',NULL,NULL,'2022-01-12 08:27:47','125 Hai Bà Trưng, P. Bến Nghé, Q. 1, TP. Hồ Chí Minh',NULL,10,'2022-03-16 00:00:00','- Lương thoả thuận khi phỏng vấn','- Thực hiện các dự án công nghệ của công ty, theo từng giai đoạn','- Tốt nghiệp Cao đẳng / Đại học hoặc tương đương về chuyên ngành CNTT phần cứng, mạng, hoặc các bằng cấp liên quan.','Golang Developer','4','1',3,5,5,6,'Ít nhất 1 năm',_binary '\0',2),(36,NULL,'2022-01-12 08:27:47',NULL,NULL,'2022-01-12 08:27:47','125 Hai Bà Trưng, P. Bến Nghé, Q. 1, TP. Hồ Chí Minh',NULL,10,'2022-03-16 00:00:00','- Lương thoả thuận khi phỏng vấn','- Thực hiện các dự án công nghệ của công ty, theo từng giai đoạn','- Tốt nghiệp Cao đẳng / Đại học hoặc tương đương về chuyên ngành CNTT phần cứng, mạng, hoặc các bằng cấp liên quan.','Senior Android devs (Java, Kotlin)','4','1',4,6,1,4,'Ít nhất 1 năm',_binary '\0',1),(37,NULL,'2022-01-12 08:27:47',NULL,NULL,'2022-01-12 08:27:47','125 Hai Bà Trưng, P. Bến Nghé, Q. 1, TP. Hồ Chí Minh',NULL,10,'2022-03-16 00:00:00','- Lương thoả thuận khi phỏng vấn','- Thực hiện các dự án công nghệ của công ty, theo từng giai đoạn','- Tốt nghiệp Cao đẳng / Đại học hoặc tương đương về chuyên ngành CNTT phần cứng, mạng, hoặc các bằng cấp liên quan.','03 IT Support (Oracle, Database)','5','1',5,7,1,3,'Ít nhất 1 năm',_binary '\0',1),(38,NULL,'2022-01-12 08:27:47',NULL,NULL,'2022-01-12 08:27:47','125 Hai Bà Trưng, P. Bến Nghé, Q. 1, TP. Hồ Chí Minh',NULL,10,'2022-03-16 00:00:00','- Lương thoả thuận khi phỏng vấn','- Thực hiện các dự án công nghệ của công ty, theo từng giai đoạn','- Tốt nghiệp Cao đẳng / Đại học hoặc tương đương về chuyên ngành CNTT phần cứng, mạng, hoặc các bằng cấp liên quan.','Frontend Web Dev (JQuery, CSS, ReactJS)','4','1',6,8,1,5,'Ít nhất 1 năm',_binary '\0',1),(39,NULL,'2022-01-12 08:27:47',NULL,NULL,'2022-01-12 08:27:47','125 Hai Bà Trưng, P. Bến Nghé, Q. 1, TP. Hồ Chí Minh',NULL,10,'2022-03-16 00:00:00','- Lương thoả thuận khi phỏng vấn','- Thực hiện các dự án công nghệ của công ty, theo từng giai đoạn','- Tốt nghiệp Cao đẳng / Đại học hoặc tương đương về chuyên ngành CNTT phần cứng, mạng, hoặc các bằng cấp liên quan.','Jun/Sen C++ Developer (700$ - 2000$)','4','1',7,9,5,5,'Ít nhất 1 năm',_binary '\0',3),(40,NULL,'2022-01-12 08:27:47',NULL,NULL,'2022-01-12 08:27:47','125 Hai Bà Trưng, P. Bến Nghé, Q. 1, TP. Hồ Chí Minh',NULL,10,'2022-03-16 00:00:00','- Lương thoả thuận khi phỏng vấn','- Thực hiện các dự án công nghệ của công ty, theo từng giai đoạn','- Tốt nghiệp Cao đẳng / Đại học hoặc tương đương về chuyên ngành CNTT phần cứng, mạng, hoặc các bằng cấp liên quan.','Product Owner','4','1',8,10,6,6,'Ít nhất 1 năm',_binary '\0',3),(41,NULL,'2022-01-12 08:27:47',NULL,NULL,'2022-01-12 08:27:47','125 Hai Bà Trưng, P. Bến Nghé, Q. 1, TP. Hồ Chí Minh',NULL,10,'2022-03-16 00:00:00','- Lương thoả thuận khi phỏng vấn','- Thực hiện các dự án công nghệ của công ty, theo từng giai đoạn','- Tốt nghiệp Cao đẳng / Đại học hoặc tương đương về chuyên ngành CNTT phần cứng, mạng, hoặc các bằng cấp liên quan.','Fullstack Java Developer (Java, ReactJS)','6','1',1,11,1,3,'Ít nhất 1 năm',_binary '\0',3),(42,NULL,'2022-01-12 08:27:47',NULL,NULL,'2022-01-12 08:27:47','125 Hai Bà Trưng, P. Bến Nghé, Q. 1, TP. Hồ Chí Minh',NULL,10,'2022-03-16 00:00:00','- Lương thoả thuận khi phỏng vấn','- Thực hiện các dự án công nghệ của công ty, theo từng giai đoạn','- Tốt nghiệp Cao đẳng / Đại học hoặc tương đương về chuyên ngành CNTT phần cứng, mạng, hoặc các bằng cấp liên quan.','Software Engineer (Java, C++, Python)','4','1',2,12,1,3,'Ít nhất 1 năm',_binary '\0',1),(43,NULL,'2022-01-12 08:27:47',NULL,NULL,'2022-01-12 08:27:47','125 Hai Bà Trưng, P. Bến Nghé, Q. 1, TP. Hồ Chí Minh',NULL,10,'2022-03-16 00:00:00','- Lương thoả thuận khi phỏng vấn','- Thực hiện các dự án công nghệ của công ty, theo từng giai đoạn','- Tốt nghiệp Cao đẳng / Đại học hoặc tương đương về chuyên ngành CNTT phần cứng, mạng, hoặc các bằng cấp liên quan.','Jr/Sr .Net Developer(Xamarin,Mobile App)','6','1',3,13,1,2,'Ít nhất 1 năm',_binary '\0',2),(44,NULL,'2022-01-12 08:27:47',NULL,NULL,'2022-01-12 08:27:47','125 Hai Bà Trưng, P. Bến Nghé, Q. 1, TP. Hồ Chí Minh',NULL,10,'2022-03-16 00:00:00','- Lương thoả thuận khi phỏng vấn','- Thực hiện các dự án công nghệ của công ty, theo từng giai đoạn','- Tốt nghiệp Cao đẳng / Đại học hoặc tương đương về chuyên ngành CNTT phần cứng, mạng, hoặc các bằng cấp liên quan.','QA Lead, Core SDKs (QA QC, Tester)','6','1',4,14,1,4,'Ít nhất 1 năm',_binary '\0',2),(45,NULL,'2022-01-12 08:27:47',NULL,NULL,'2022-01-12 08:27:47','125 Hai Bà Trưng, P. Bến Nghé, Q. 1, TP. Hồ Chí Minh',NULL,10,'2022-03-16 00:00:00','- Lương thoả thuận khi phỏng vấn','- Thực hiện các dự án công nghệ của công ty, theo từng giai đoạn','- Tốt nghiệp Cao đẳng / Đại học hoặc tương đương về chuyên ngành CNTT phần cứng, mạng, hoặc các bằng cấp liên quan.','10 Backend Dev (.Net / C# / ASP.NET)','4','1',5,15,4,5,'Ít nhất 1 năm',_binary '\0',3),(46,NULL,'2022-01-12 08:27:47',NULL,NULL,'2022-01-12 08:27:47','125 Hai Bà Trưng, P. Bến Nghé, Q. 1, TP. Hồ Chí Minh',NULL,10,'2022-03-16 00:00:00','- Lương thoả thuận khi phỏng vấn','- Thực hiện các dự án công nghệ của công ty, theo từng giai đoạn','- Tốt nghiệp Cao đẳng / Đại học hoặc tương đương về chuyên ngành CNTT phần cứng, mạng, hoặc các bằng cấp liên quan.','5 AI Engineers (C Language/C++/Python)','4','1',6,16,6,6,'Ít nhất 1 năm',_binary '\0',3),(47,NULL,'2022-01-12 08:27:47',NULL,NULL,'2022-01-12 08:27:47','125 Hai Bà Trưng, P. Bến Nghé, Q. 1, TP. Hồ Chí Minh',NULL,10,'2022-03-16 00:00:00','- Lương thoả thuận khi phỏng vấn','- Thực hiện các dự án công nghệ của công ty, theo từng giai đoạn','- Tốt nghiệp Cao đẳng / Đại học hoặc tương đương về chuyên ngành CNTT phần cứng, mạng, hoặc các bằng cấp liên quan.','Web Dev (PHP/Angular/ReactJS)','4','1',7,17,2,3,'Ít nhất 1 năm',_binary '\0',1),(48,NULL,'2022-01-12 08:27:47',NULL,NULL,'2022-01-12 08:27:47','125 Hai Bà Trưng, P. Bến Nghé, Q. 1, TP. Hồ Chí Minh',NULL,10,'2022-03-16 00:00:00','- Lương thoả thuận khi phỏng vấn','- Thực hiện các dự án công nghệ của công ty, theo từng giai đoạn','- Tốt nghiệp Cao đẳng / Đại học hoặc tương đương về chuyên ngành CNTT phần cứng, mạng, hoặc các bằng cấp liên quan.','Backend Engineer (PHP, Laravel, OOP)','5','1',8,18,1,5,'Ít nhất 1 năm',_binary '\0',1),(49,NULL,'2022-01-12 08:27:47',NULL,NULL,'2022-01-12 08:27:47','125 Hai Bà Trưng, P. Bến Nghé, Q. 1, TP. Hồ Chí Minh',NULL,10,'2022-03-16 00:00:00','- Lương thoả thuận khi phỏng vấn','- Thực hiện các dự án công nghệ của công ty, theo từng giai đoạn','- Tốt nghiệp Cao đẳng / Đại học hoặc tương đương về chuyên ngành CNTT phần cứng, mạng, hoặc các bằng cấp liên quan.','Software Deployment Engineer','1','1',1,19,5,5,'Ít nhất 1 năm',_binary '\0',2),(50,NULL,'2022-01-12 08:27:47',NULL,NULL,'2022-01-12 08:27:47','125 Hai Bà Trưng, P. Bến Nghé, Q. 1, TP. Hồ Chí Minh',NULL,10,'2022-03-16 00:00:00','- Lương thoả thuận khi phỏng vấn','- Thực hiện các dự án công nghệ của công ty, theo từng giai đoạn','- Tốt nghiệp Cao đẳng / Đại học hoặc tương đương về chuyên ngành CNTT phần cứng, mạng, hoặc các bằng cấp liên quan.','Mid/Sr. PHP Developer (Laravel, Symfony)','6','1',2,20,1,6,'Ít nhất 1 năm',_binary '\0',3),(51,NULL,'2022-01-12 08:27:47',NULL,NULL,'2022-01-12 08:27:47','125 Hai Bà Trưng, P. Bến Nghé, Q. 1, TP. Hồ Chí Minh',NULL,10,'2022-03-16 00:00:00','- Lương thoả thuận khi phỏng vấn','- Thực hiện các dự án công nghệ của công ty, theo từng giai đoạn','- Tốt nghiệp Cao đẳng / Đại học hoặc tương đương về chuyên ngành CNTT phần cứng, mạng, hoặc các bằng cấp liên quan.','Salesforce Dev (JavaScript/HTML5/CSS)','5','1',3,21,4,5,'Ít nhất 1 năm',_binary '\0',2),(52,NULL,'2022-01-12 08:27:47',NULL,NULL,'2022-01-12 08:27:47','125 Hai Bà Trưng, P. Bến Nghé, Q. 1, TP. Hồ Chí Minh',NULL,10,'2022-03-16 00:00:00','- Lương thoả thuận khi phỏng vấn','- Thực hiện các dự án công nghệ của công ty, theo từng giai đoạn','- Tốt nghiệp Cao đẳng / Đại học hoặc tương đương về chuyên ngành CNTT phần cứng, mạng, hoặc các bằng cấp liên quan.','PHP Middle Developer (My SQL, Laravel)','4','1',4,22,6,5,'Ít nhất 1 năm',_binary '\0',1),(53,NULL,'2022-01-12 08:27:47',NULL,NULL,'2022-01-12 08:27:47','125 Hai Bà Trưng, P. Bến Nghé, Q. 1, TP. Hồ Chí Minh',NULL,10,'2022-03-16 00:00:00','- Lương thoả thuận khi phỏng vấn','- Thực hiện các dự án công nghệ của công ty, theo từng giai đoạn','- Tốt nghiệp Cao đẳng / Đại học hoặc tương đương về chuyên ngành CNTT phần cứng, mạng, hoặc các bằng cấp liên quan.','Java Developer (Spring, English)','6','1',5,23,1,4,'Ít nhất 1 năm',_binary '\0',3),(54,NULL,'2022-01-12 08:27:47',NULL,NULL,'2022-01-12 08:27:47','125 Hai Bà Trưng, P. Bến Nghé, Q. 1, TP. Hồ Chí Minh',NULL,10,'2022-03-16 00:00:00','- Lương thoả thuận khi phỏng vấn','- Thực hiện các dự án công nghệ của công ty, theo từng giai đoạn','- Tốt nghiệp Cao đẳng / Đại học hoặc tương đương về chuyên ngành CNTT phần cứng, mạng, hoặc các bằng cấp liên quan.','10 Tester ( QA/QC ) - Up to 1000$','4','1',6,24,2,3,'Ít nhất 1 năm',_binary '\0',2),(55,NULL,'2022-01-12 08:27:47',NULL,NULL,'2022-01-12 08:27:47','125 Hai Bà Trưng, P. Bến Nghé, Q. 1, TP. Hồ Chí Minh',NULL,10,'2022-03-16 00:00:00','- Lương thoả thuận khi phỏng vấn','- Thực hiện các dự án công nghệ của công ty, theo từng giai đoạn','- Tốt nghiệp Cao đẳng / Đại học hoặc tương đương về chuyên ngành CNTT phần cứng, mạng, hoặc các bằng cấp liên quan.','Java Spring Developer - Up to $1500','6','1',7,25,5,3,'Ít nhất 1 năm',_binary '\0',3),(56,NULL,'2022-01-12 08:27:47',NULL,NULL,'2022-01-12 08:27:47','125 Hai Bà Trưng, P. Bến Nghé, Q. 1, TP. Hồ Chí Minh',NULL,10,'2022-03-16 00:00:00','- Lương thoả thuận khi phỏng vấn','- Thực hiện các dự án công nghệ của công ty, theo từng giai đoạn','- Tốt nghiệp Cao đẳng / Đại học hoặc tương đương về chuyên ngành CNTT phần cứng, mạng, hoặc các bằng cấp liên quan.','[All levels] Java Developers -Up to $2k','4','1',8,26,1,5,'Ít nhất 1 năm',_binary '\0',1),(57,NULL,'2022-01-12 08:27:47',NULL,NULL,'2022-01-12 08:27:47','125 Hai Bà Trưng, P. Bến Nghé, Q. 1, TP. Hồ Chí Minh',NULL,10,'2022-03-16 00:00:00','- Lương thoả thuận khi phỏng vấn','- Thực hiện các dự án công nghệ của công ty, theo từng giai đoạn','- Tốt nghiệp Cao đẳng / Đại học hoặc tương đương về chuyên ngành CNTT phần cứng, mạng, hoặc các bằng cấp liên quan.','PHP Developer (React, English)','6','1',1,27,4,1,'Ít nhất 1 năm',_binary '\0',3),(58,NULL,'2022-01-12 08:27:47',NULL,NULL,'2022-01-12 08:27:47','125 Hai Bà Trưng, P. Bến Nghé, Q. 1, TP. Hồ Chí Minh',NULL,10,'2022-03-16 00:00:00','- Lương thoả thuận khi phỏng vấn','- Thực hiện các dự án công nghệ của công ty, theo từng giai đoạn','- Tốt nghiệp Cao đẳng / Đại học hoặc tương đương về chuyên ngành CNTT phần cứng, mạng, hoặc các bằng cấp liên quan.','ERP Project Manager','4','1',2,28,5,5,'Ít nhất 1 năm',_binary '\0',2),(59,NULL,'2022-01-12 08:27:47',NULL,NULL,'2022-01-12 08:27:47','125 Hai Bà Trưng, P. Bến Nghé, Q. 1, TP. Hồ Chí Minh',NULL,10,'2022-03-16 00:00:00','- Lương thoả thuận khi phỏng vấn','- Thực hiện các dự án công nghệ của công ty, theo từng giai đoạn','- Tốt nghiệp Cao đẳng / Đại học hoặc tương đương về chuyên ngành CNTT phần cứng, mạng, hoặc các bằng cấp liên quan.','Senior Quality Assurance (Tester, QA QC)','6','1',3,29,5,5,'Ít nhất 1 năm',_binary '\0',3),(60,NULL,'2022-01-12 08:27:47',NULL,NULL,'2022-01-12 08:27:47','125 Hai Bà Trưng, P. Bến Nghé, Q. 1, TP. Hồ Chí Minh',NULL,10,'2022-03-16 00:00:00','- Lương thoả thuận khi phỏng vấn','- Thực hiện các dự án công nghệ của công ty, theo từng giai đoạn','- Tốt nghiệp Cao đẳng / Đại học hoặc tương đương về chuyên ngành CNTT phần cứng, mạng, hoặc các bằng cấp liên quan.','Lead DevOps (AWS, Python) 2200 - 3200$','4','1',4,30,1,2,'Ít nhất 1 năm',_binary '\0',3),(61,NULL,'2022-01-12 08:27:47',NULL,NULL,'2022-01-12 08:27:47','125 Hai Bà Trưng, P. Bến Nghé, Q. 1, TP. Hồ Chí Minh',NULL,10,'2022-03-16 00:00:00','- Lương thoả thuận khi phỏng vấn','- Thực hiện các dự án công nghệ của công ty, theo từng giai đoạn','- Tốt nghiệp Cao đẳng / Đại học hoặc tương đương về chuyên ngành CNTT phần cứng, mạng, hoặc các bằng cấp liên quan.','Technical Architect','4','1',5,1,1,3,'Ít nhất 1 năm',_binary '\0',2),(65,NULL,'2022-01-12 08:27:47',NULL,NULL,'2022-01-12 08:27:47','125 Hai Bà Trưng, P. Bến Nghé, Q. 1, TP. Hồ Chí Minh',NULL,10,'2022-03-16 00:00:00','- Lương thoả thuận khi phỏng vấn','- Thực hiện các dự án công nghệ của công ty, theo từng giai đoạn','- Tốt nghiệp Cao đẳng / Đại học hoặc tương đương về chuyên ngành CNTT phần cứng, mạng, hoặc các bằng cấp liên quan.','Business Analyst (Database, English)','4','1',1,5,5,5,'Ít nhất 1 năm',_binary '\0',2),(66,NULL,'2022-01-12 08:27:47',NULL,NULL,'2022-01-12 08:27:47','125 Hai Bà Trưng, P. Bến Nghé, Q. 1, TP. Hồ Chí Minh',NULL,10,'2022-03-16 00:00:00','- Lương thoả thuận khi phỏng vấn','- Thực hiện các dự án công nghệ của công ty, theo từng giai đoạn','- Tốt nghiệp Cao đẳng / Đại học hoặc tương đương về chuyên ngành CNTT phần cứng, mạng, hoặc các bằng cấp liên quan.','Senior Big Data Engineer (Java/Python)','6','1',2,6,5,5,'Ít nhất 1 năm',_binary '\0',1),(67,NULL,'2022-01-12 08:27:47',NULL,NULL,'2022-01-12 08:27:47','125 Hai Bà Trưng, P. Bến Nghé, Q. 1, TP. Hồ Chí Minh',NULL,10,'2022-03-16 00:00:00','- Lương thoả thuận khi phỏng vấn','- Thực hiện các dự án công nghệ của công ty, theo từng giai đoạn','- Tốt nghiệp Cao đẳng / Đại học hoặc tương đương về chuyên ngành CNTT phần cứng, mạng, hoặc các bằng cấp liên quan.','Senior PHP Developer/ Technical Leader','4','1',3,7,4,4,'Ít nhất 1 năm',_binary '\0',1),(68,NULL,'2022-01-12 08:27:47',NULL,NULL,'2022-01-12 08:27:47','125 Hai Bà Trưng, P. Bến Nghé, Q. 1, TP. Hồ Chí Minh',NULL,10,'2022-03-16 00:00:00','- Lương thoả thuận khi phỏng vấn','- Thực hiện các dự án công nghệ của công ty, theo từng giai đoạn','- Tốt nghiệp Cao đẳng / Đại học hoặc tương đương về chuyên ngành CNTT phần cứng, mạng, hoặc các bằng cấp liên quan.','5 Mobile Dev (Android/ iOS/React Native)','6','1',4,8,5,3,'Ít nhất 1 năm',_binary '\0',3),(69,NULL,'2022-01-12 08:27:47',NULL,NULL,'2022-01-12 08:27:47','125 Hai Bà Trưng, P. Bến Nghé, Q. 1, TP. Hồ Chí Minh',NULL,10,'2022-03-16 00:00:00','- Lương thoả thuận khi phỏng vấn','- Thực hiện các dự án công nghệ của công ty, theo từng giai đoạn','- Tốt nghiệp Cao đẳng / Đại học hoặc tương đương về chuyên ngành CNTT phần cứng, mạng, hoặc các bằng cấp liên quan.','Senior NodeJS/AWS Developer (BONUS)','5','1',5,9,2,2,'Ít nhất 1 năm',_binary '\0',3),(70,NULL,'2022-01-12 08:27:47',NULL,NULL,'2022-01-12 08:27:47','125 Hai Bà Trưng, P. Bến Nghé, Q. 1, TP. Hồ Chí Minh',NULL,10,'2022-03-16 00:00:00','- Lương thoả thuận khi phỏng vấn','- Thực hiện các dự án công nghệ của công ty, theo từng giai đoạn','- Tốt nghiệp Cao đẳng / Đại học hoặc tương đương về chuyên ngành CNTT phần cứng, mạng, hoặc các bằng cấp liên quan.','Business Analyst - Up to 1000$','6','1',6,10,2,2,'Ít nhất 1 năm',_binary '\0',2),(71,NULL,'2022-01-12 08:27:47',NULL,NULL,'2022-01-12 08:27:47','125 Hai Bà Trưng, P. Bến Nghé, Q. 1, TP. Hồ Chí Minh',NULL,10,'2022-03-16 00:00:00','- Lương thoả thuận khi phỏng vấn','- Thực hiện các dự án công nghệ của công ty, theo từng giai đoạn','- Tốt nghiệp Cao đẳng / Đại học hoặc tương đương về chuyên ngành CNTT phần cứng, mạng, hoặc các bằng cấp liên quan.','Senior Java Backend (Python)','4','1',7,11,6,6,'Ít nhất 1 năm',_binary '\0',2),(72,NULL,'2022-01-12 08:27:47',NULL,NULL,'2022-01-12 08:27:47','125 Hai Bà Trưng, P. Bến Nghé, Q. 1, TP. Hồ Chí Minh',NULL,10,'2022-03-16 00:00:00','- Lương thoả thuận khi phỏng vấn','- Thực hiện các dự án công nghệ của công ty, theo từng giai đoạn','- Tốt nghiệp Cao đẳng / Đại học hoặc tương đương về chuyên ngành CNTT phần cứng, mạng, hoặc các bằng cấp liên quan.','CLOUD ENGINEER (C++/Java/Python)','6','1',8,12,1,5,'Ít nhất 1 năm',_binary '\0',1),(73,NULL,'2022-01-12 08:27:47',NULL,NULL,'2022-01-12 08:27:47','125 Hai Bà Trưng, P. Bến Nghé, Q. 1, TP. Hồ Chí Minh',NULL,10,'2022-03-16 00:00:00','- Lương thoả thuận khi phỏng vấn.\r\n                                          - Hỗ trợ 100% chi phí ăn trưa tại Công ty với những bữa cơm đủ dinh dưỡng, ngon lành, sạch sẽ, đảm bảo ATVSTP.','- Thực hiện các dự án công nghệ của công ty, theo từng giai đoạn.\r\n                                          - Đào tạo vận hành sản phẩm dịch vụ, chuyển giao công nghệ.','- Tốt nghiệp Cao đẳng / Đại học hoặc tương đương về chuyên ngành CNTT phần cứng, mạng, hoặc các bằng cấp liên quan.\r\n                                          - Có kinh nghiệm về Log framework (Log back, log4j, …).\r\n                                          - Có kiến thức tốt về Design Patterns (IOC, Singleton, Proxy, MVC, etc. …)','Mobile Hybrid Dev (React Native, Ionic)','6','1',1,13,1,4,'Ít nhất 1 năm',_binary '\0',1),(74,NULL,'2022-01-12 08:27:47',NULL,NULL,'2022-01-12 08:27:47','125 Hai Bà Trưng, P. Bến Nghé, Q. 1, TP. Hồ Chí Minh',NULL,10,'2022-03-16 00:00:00','- Lương thoả thuận khi phỏng vấn','- Thực hiện các dự án công nghệ của công ty, theo từng giai đoạn','- Tốt nghiệp Cao đẳng / Đại học hoặc tương đương về chuyên ngành CNTT phần cứng, mạng, hoặc các bằng cấp liên quan.','Senior Frontend ReactJS Dev (JavaScript)','2','1',2,14,1,6,'Ít nhất 1 năm',_binary '\0',1),(75,NULL,'2022-01-12 08:27:47',NULL,NULL,'2022-01-12 08:27:47','125 Hai Bà Trưng, P. Bến Nghé, Q. 1, TP. Hồ Chí Minh',NULL,10,'2022-03-16 00:00:00','- Lương thoả thuận khi phỏng vấn.\r\n                                          - Lương tháng 13.\r\n                                          - Định kỳ review lương 6 tháng/1 lần.','- Thực hiện các dự án công nghệ của công ty, theo từng giai đoạn.\r\n                                          - Maintain hệ thống đang được vận hành (fix bug,…).\r\n                                          - Đọc & tìm hiểu tài liệu về hệ thống đang vận hành.','- Tốt nghiệp Cao đẳng / Đại học hoặc tương đương về chuyên ngành CNTT phần cứng, mạng, hoặc các bằng cấp liên quan.\r\n                                          - Có kinh nghiệm với Java ít nhất 1 năm.\r\n                                          - Biết cơ bản về JavaScript, HTML, CSS.','Frontend Software Engineer - $3500 Bonus','4','1',3,15,1,3,'Ít nhất 1 năm',_binary '\0',1),(76,NULL,'2022-01-12 08:27:47',NULL,NULL,'2022-01-12 08:27:47','125 Hai Bà Trưng, P. Bến Nghé, Q. 1, TP. Hồ Chí Minh',NULL,10,'2022-03-16 00:00:00','- Lương thoả thuận khi phỏng vấn.\r\n                                          - Tham dự các hoạt động ngoại khóa của công ty.\r\n                                          - Thưởng lễ, tết theo thâm niên làm việc của nhân viên.\r\n                                          - Tham gia các khóa đào tạo chuyên môn & kỹ năng phát triển nghề nghiệp.','- Thực hiện các dự án công nghệ của công ty, theo từng giai đoạn.\r\n                                          - Xây dựng các tài liệu phân tích, hướng dẫn người dùng đối với các ứng dụng công nghệ thông tin trong công ty.\r\n                                          - Hỗ trợ người dùng công nghệ thông tin để xử ý, hướng dẫn, các vấn đề phát sinh trong quá trình sử dụng.','- Tốt nghiệp Cao đẳng / Đại học hoặc tương đương về chuyên ngành CNTT phần cứng, mạng, hoặc các bằng cấp liên quan.\r\n                                          - Có kinh nghiệm làm việc với ngôn ngữ lập trình: .NET, Java, Web React, PL/SQL (có kinh nghiệm nhiều hơn 01 ngôn ngữ hoặc một framework phổ biến là lợi thế).\r\n                                          - Có kinh nghiệm làm việc và thiết kế CSDL trên DB MS SQL …','Bridge Engineer (BrSE, Japanese)','6','1',4,16,1,2,'Ít nhất 1 năm',_binary '\0',2),(77,NULL,'2022-01-12 08:27:47',NULL,NULL,'2022-01-12 08:27:47','125 Hai Bà Trưng, P. Bến Nghé, Q. 1, TP. Hồ Chí Minh',NULL,10,'2022-03-16 00:00:00','- Lương thoả thuận khi phỏng vấn.\r\n                                          - Cơ hội đạt được mức thưởng tài chính cao với kết quả làm việc tốt.\r\n                                          - Chế độ phúc lợi cạnh tranh.','- Thực hiện các dự án công nghệ của công ty, theo từng giai đoạn\r\n                                          - Phân tích và đưa ra kết luận về tính khả thi và thời gian hoàn thành.\r\n                                          - Tiếp nhận, làm rõ yêu cầu điều chỉnh/phát triển phần mềm từ trưởng nhóm/bộ phận kinh doanh.','- Tốt nghiệp Cao đẳng / Đại học hoặc tương đương về chuyên ngành CNTT phần cứng, mạng, hoặc các bằng cấp liên quan.\r\n                                          - Có kỹ năng làm việc nhóm, có tinh thần trách nhiệm cao.\r\n                                          - Có kinh nghiệm lập trình native (Android hoặc iOS) tối thiểu 1 năm.','Angular Developer (JavaScript, ReactJS)','4','1',5,17,3,4,'Ít nhất 1 năm',_binary '\0',2),(78,NULL,'2022-01-12 08:27:47',NULL,NULL,'2022-01-12 08:27:47','125 Hai Bà Trưng, P. Bến Nghé, Q. 1, TP. Hồ Chí Minh',NULL,10,'2022-03-16 00:00:00','- Lương thoả thuận khi phỏng vấn.\r\n                                          - Gói chăm sóc sức khỏe cao cấp và các hoạt động tập thể được thiết kế để đảm bảo sức khỏe thể chất và tinh thần cho bạn.','- Thực hiện các dự án công nghệ của công ty, theo từng giai đoạn.\r\n                                          - Đề xuất giải pháp phát triển, tối ưu hiệu năng cho sản phẩm, thực hiện nghiên cứu các kỹ thuật và công nghệ mới cho sản phẩm.','- Tốt nghiệp Cao đẳng / Đại học hoặc tương đương về chuyên ngành CNTT phần cứng, mạng, hoặc các bằng cấp liên quan.\r\n                                          - Có thể sử dụng thành thạo 1 số công cụ như SVN, Git, Mantis.\r\n                                          - Hiểu biết về lập trình an toàn (security), lập trình tối ưu (high performance).','[Urgent] 10 QA/Tester (Tiếng Nhật)','4','1',6,18,6,3,'Ít nhất 1 năm',_binary '\0',3),(79,NULL,'2022-01-12 08:27:47',NULL,NULL,'2022-01-12 08:27:47','125 Hai Bà Trưng, P. Bến Nghé, Q. 1, TP. Hồ Chí Minh',NULL,10,'2022-03-16 00:00:00','- Lương thoả thuận khi phỏng vấn.\r\n                                          - Môi trường thân thiện, cởi mở và năng động giúp bạn thể hiện bản thân và cống hiến cho xã hội.','- Thực hiện các dự án công nghệ của công ty, theo từng giai đoạn.\r\n                                          - Phát triển các ứng dụng phục vụ hàng triệu người dùng lĩnh vực truyền hình/video.\r\n                                          - Phối hợp với bộ phận phát triển sản phẩm thiết kế luồng nghiệp vụ người dùng.','- Tốt nghiệp Cao đẳng / Đại học hoặc tương đương về chuyên ngành CNTT phần cứng, mạng, hoặc các bằng cấp liên quan.\r\n                                          - Khả năng làm việc độc lập hoặc làm việc theo nhóm.','React Native Developer ( iOS/ Android )','4','1',7,19,1,6,'Ít nhất 1 năm',_binary '\0',3);
/*!40000 ALTER TABLE `recruitment` ENABLE KEYS */;
UNLOCK TABLES;

--
-- Table structure for table `resume`
--

DROP TABLE IF EXISTS `resume`;
/*!40101 SET @saved_cs_client     = @@character_set_client */;
/*!50503 SET character_set_client = utf8mb4 */;
CREATE TABLE `resume` (
  `id` int NOT NULL AUTO_INCREMENT,
  `create_by` varchar(255) DEFAULT NULL,
  `create_time` datetime DEFAULT NULL,
  `remark` varchar(255) DEFAULT NULL,
  `update_by` varchar(255) DEFAULT NULL,
  `update_time` datetime DEFAULT NULL,
  `avatar` varchar(255) DEFAULT NULL,
  `title` varchar(255) DEFAULT NULL,
  `content` longtext,
  `candidate_id` int DEFAULT NULL,
  `deleted` bit(1) NOT NULL,
  `path` varchar(255) DEFAULT NULL,
  PRIMARY KEY (`id`),
  KEY `FKejhv9f1xc757w2gtbxn430sbd` (`candidate_id`),
  CONSTRAINT `FKejhv9f1xc757w2gtbxn430sbd` FOREIGN KEY (`candidate_id`) REFERENCES `candidate` (`id`)
) ENGINE=InnoDB AUTO_INCREMENT=11 DEFAULT CHARSET=utf8mb4 COLLATE=utf8mb4_0900_ai_ci;
/*!40101 SET character_set_client = @saved_cs_client */;

--
-- Dumping data for table `resume`
--

LOCK TABLES `resume` WRITE;
/*!40000 ALTER TABLE `resume` DISABLE KEYS */;
INSERT INTO `resume` VALUES (2,NULL,NULL,NULL,NULL,NULL,'http://res.cloudinary.com/degh5xw5d/image/upload/v1645290100/yr6oy4mrktwjoa96ibym.jpg',NULL,'{\"person\":{\"name\":\"John Doe\",\"about\":\"Hi, my name is John Doe. I\'m just about the most boring type of person you could possibly imagine. I like collecting leaves from the tree in my back yard and documenting each time I eat a peanut that is non-uniform. I am not a robot. Please hire me.\",\"position\":\"Software Developer\",\"contact\":{\"email\":\"john.doe@email.com\",\"phone\":\"0123 456789\",\"street\":\"1234 Broadway\",\"city\":\"New York\",\"website\":\"johndoe.com\",\"github\":\"johnyD\"},\"birth\":{\"year\":1990,\"location\":\"New York\"},\"information\":\"Thông tin liên hệ\"},\"itemsLeft\":[{\"name\":\"Kỹ năng\",\"key\":\"Kỹ năng\",\"className\":\"skills\",\"items\":[{\"name\":\"HTML5\",\"level\":99},{\"name\":\"CSS3\",\"level\":95},{\"name\":\"JavaScript\",\"level\":97},{\"name\":\"Node.js\",\"level\":93},{\"name\":\"Angular 2\",\"level\":60},{\"name\":\"TypeScript\",\"level\":80},{\"name\":\"ES.Next\",\"level\":70},{\"name\":\"Docker\",\"level\":99}],\"active\":true},{\"name\":\"Sở thích\",\"key\":\"Sở thích\",\"className\":\"hobbies\",\"items\":[{\"name\":\"Hobby 1\"},{\"name\":\"Hobby 2\"}],\"active\":true}],\"itemsRight\":[{\"name\":\"Kinh nghiệm làm việc\",\"key\":\"Kinh nghiệm làm việc\",\"className\":\"experience\",\"items\":[{\"nameCompany\":\"Company A\",\"position\":\"Developer\",\"timeperiod\":\"since January 2016\",\"description\":\"Programming and watching cute cat videos.\",\"website\":\"https://example.com\"},{\"nameCompany\":\"Company B\",\"position\":\"Frontend Developer\",\"timeperiod\":\"January 2015 - December 2015\",\"description\":\"Fulfillment of extremely important tasks.\"},{\"nameCompany\":\"Company C\",\"position\":\"Trainee\",\"timeperiod\":\"March 2014 - December 2014\",\"description\":\"Making coffee and baking cookies.\"}],\"active\":true},{\"name\":\"Học vấn\",\"key\":\"Học vấn\",\"className\":\"education\",\"items\":[{\"degree\":\"Master of Arts\",\"timeperiod\":\"March 2012 - December 2013\",\"description\":\"Major in Hacking and Computer Penetration, University A, New York, USA.\",\"nameUniversity\":\"MyUniversity\"},{\"degree\":\"Bachelor of Science\",\"timeperiod\":\"March 2009 - December 2011\",\"description\":\"Major in Engineering, University B, Los Angeles, USA.\",\"nameUniversity\":\"MyUniversity\"}],\"active\":true},{\"name\":\"Hoạt động\",\"key\":\"Hoạt động\",\"className\":\"activities\",\"items\":[{\"role\":\"Tên vị trí\",\"organizationName\":\"Tên tổ chức\",\"description\":\"Mô tả\",\"timeperiod\":\"March 2009 - December 2011\"}],\"active\":true},{\"name\":\"Thành tích\",\"key\":\"Thành tích\",\"className\":\"awards\",\"items\":[{\"timeperiod\":\"Thời gian\",\"awardName\":\"Tên giải thưởng\"}],\"active\":true}]}',1,_binary '',NULL),(3,NULL,NULL,NULL,NULL,NULL,'http://res.cloudinary.com/degh5xw5d/image/upload/v1645290100/yr6oy4mrktwjoa96ibym.jpg',NULL,'{\"person\":{\"name\":\"John Doe\",\"about\":\"Hi, my name is John Doe. I\'m just about the most boring type of person you could possibly imagine. I like collecting leaves from the tree in my back yard and documenting each time I eat a peanut that is non-uniform. I am not a robot. Please hire me.\",\"position\":\"Software Developer\",\"contact\":{\"email\":\"john.doe@email.com\",\"phone\":\"0123 456789\",\"street\":\"1234 Broadway\",\"city\":\"New York\",\"website\":\"johndoe.com\",\"github\":\"johnyD\"},\"birth\":{\"year\":1990,\"location\":\"New York\"},\"information\":\"Thông tin liên hệ\"},\"itemsLeft\":[{\"name\":\"Kỹ năng\",\"key\":\"Kỹ năng\",\"className\":\"skills\",\"items\":[{\"name\":\"HTML5\",\"level\":99},{\"name\":\"CSS3\",\"level\":95},{\"name\":\"JavaScript\",\"level\":97},{\"name\":\"Node.js\",\"level\":93},{\"name\":\"Angular 2\",\"level\":60},{\"name\":\"TypeScript\",\"level\":80},{\"name\":\"ES.Next\",\"level\":70},{\"name\":\"Docker\",\"level\":99}],\"active\":true},{\"name\":\"Sở thích\",\"key\":\"Sở thích\",\"className\":\"hobbies\",\"items\":[{\"name\":\"Hobby 1\"},{\"name\":\"Hobby 2\"}],\"active\":true}],\"itemsRight\":[{\"name\":\"Kinh nghiệm làm việc\",\"key\":\"Kinh nghiệm làm việc\",\"className\":\"experience\",\"items\":[{\"nameCompany\":\"Company A\",\"position\":\"Developer\",\"timeperiod\":\"since January 2016\",\"description\":\"Programming and watching cute cat videos.\",\"website\":\"https://example.com\"},{\"nameCompany\":\"Company B\",\"position\":\"Frontend Developer\",\"timeperiod\":\"January 2015 - December 2015\",\"description\":\"Fulfillment of extremely important tasks.\"},{\"nameCompany\":\"Company C\",\"position\":\"Trainee\",\"timeperiod\":\"March 2014 - December 2014\",\"description\":\"Making coffee and baking cookies.\"}],\"active\":true},{\"name\":\"Học vấn\",\"key\":\"Học vấn\",\"className\":\"education\",\"items\":[{\"degree\":\"Master of Arts\",\"timeperiod\":\"March 2012 - December 2013\",\"description\":\"Major in Hacking and Computer Penetration, University A, New York, USA.\",\"nameUniversity\":\"MyUniversity\"},{\"degree\":\"Bachelor of Science\",\"timeperiod\":\"March 2009 - December 2011\",\"description\":\"Major in Engineering, University B, Los Angeles, USA.\",\"nameUniversity\":\"MyUniversity\"}],\"active\":true},{\"name\":\"Hoạt động\",\"key\":\"Hoạt động\",\"className\":\"activities\",\"items\":[{\"role\":\"Tên vị trí\",\"organizationName\":\"Tên tổ chức\",\"description\":\"Mô tả\",\"timeperiod\":\"March 2009 - December 2011\"}],\"active\":true},{\"name\":\"Thành tích\",\"key\":\"Thành tích\",\"className\":\"awards\",\"items\":[{\"timeperiod\":\"Thời gian\",\"awardName\":\"Tên giải thưởng\"}],\"active\":true}]}',1,_binary '',NULL),(4,NULL,NULL,NULL,NULL,NULL,'http://res.cloudinary.com/degh5xw5d/image/upload/v1645290100/yr6oy4mrktwjoa96ibym.jpg','Tiêu đề CV22','{\"person\":{\"name\":\"JOHN DOE\",\"about\":\"Hi, my name is John Doe. I\'m just about the most boring type of person you could possibly imagine. I like collecting leaves from the tree in my back yard and documenting each time I eat a peanut that is non-uniform. I am not a robot. Please hire me.\",\"position\":\"Software Developer\",\"contact\":{\"email\":\"john.doe@email.com\",\"phone\":\"0123 456789\",\"street\":\"1234 Broadway\",\"city\":\"New York\",\"website\":\"johndoe.com\",\"github\":\"johnyD\"},\"birth\":{\"year\":1990,\"location\":\"New York\"},\"information\":\"Thông tin liên hệ\"},\"itemsLeft\":[{\"name\":\"Kỹ năng\",\"key\":\"Kỹ năng\",\"className\":\"skills\",\"items\":[{\"name\":\"HTML5\",\"level\":99},{\"name\":\"CSS3\",\"level\":95},{\"name\":\"JavaScript\",\"level\":97},{\"name\":\"Node.js\",\"level\":93},{\"name\":\"Angular 2\",\"level\":60},{\"name\":\"TypeScript\",\"level\":80},{\"name\":\"ES.Next\",\"level\":70},{\"name\":\"Docker\",\"level\":99}],\"active\":true},{\"name\":\"Sở thích\",\"key\":\"Sở thích\",\"className\":\"hobbies\",\"items\":[{\"name\":\"Hobby 1\"},{\"name\":\"Hobby 2\"}],\"active\":true}],\"itemsRight\":[{\"name\":\"Kinh nghiệm làm việc\",\"key\":\"Kinh nghiệm làm việc\",\"className\":\"experience\",\"items\":[{\"nameCompany\":\"Company A\",\"position\":\"Developer\",\"timeperiod\":\"since January 2016\",\"description\":\"Programming and watching cute cat videos.\",\"website\":\"https://example.com\"},{\"nameCompany\":\"Company B\",\"position\":\"Frontend Developer\",\"timeperiod\":\"January 2015 - December 2015\",\"description\":\"Fulfillment of extremely important tasks.\"},{\"nameCompany\":\"Company C\",\"position\":\"Trainee\",\"timeperiod\":\"March 2014 - December 2014\",\"description\":\"Making coffee and baking cookies.\"}],\"active\":true},{\"name\":\"Học vấn\",\"key\":\"Học vấn\",\"className\":\"education\",\"items\":[{\"degree\":\"Master of Arts\",\"timeperiod\":\"March 2012 - December 2013\",\"description\":\"Major in Hacking and Computer Penetration, University A, New York, USA.\",\"nameUniversity\":\"MyUniversity\"},{\"degree\":\"Bachelor of Science\",\"timeperiod\":\"March 2009 - December 2011\",\"description\":\"Major in Engineering, University B, Los Angeles, USA.\",\"nameUniversity\":\"MyUniversity\"}],\"active\":true},{\"name\":\"Hoạt động\",\"key\":\"Hoạt động\",\"className\":\"activities\",\"items\":[{\"role\":\"Tên vị trí\",\"organizationName\":\"Tên tổ chức\",\"description\":\"Mô tả\",\"timeperiod\":\"March 2009 - December 2011\"}],\"active\":true},{\"name\":\"Thành tích\",\"key\":\"Thành tích\",\"className\":\"awards\",\"items\":[{\"timeperiod\":\"Thời gian\",\"awardName\":\"Tên giải thưởng\"}],\"active\":true}],\"title\":\"Tiêu đề CV22\"}',1,_binary '\0',NULL),(5,NULL,NULL,NULL,NULL,NULL,NULL,NULL,'{\"person\":{\"name\":\"John Doe\",\"about\":\"Hi, my name is John Doe. I\'m just about the most boring type of person you could possibly imagine. I like collecting leaves from the tree in my back yard and documenting each time I eat a peanut that is non-uniform. I am not a robot. Please hire me.\",\"position\":\"Software Developer\",\"contact\":{\"email\":\"john.doe@email.com\",\"phone\":\"0123 456789\",\"street\":\"1234 Broadway\",\"city\":\"New York\",\"website\":\"johndoe.com\",\"github\":\"johnyD\"},\"birth\":{\"year\":1990,\"location\":\"New York\"},\"information\":\"Thông tin liên hệ\"},\"itemsLeft\":[{\"name\":\"Kỹ năng\",\"key\":\"Kỹ năng\",\"className\":\"skills\",\"items\":[{\"name\":\"HTML5\",\"level\":4},{\"name\":\"CSS3\",\"level\":4},{\"name\":\"JavaScript\",\"level\":4},{\"name\":\"Node.js\",\"level\":4},{\"name\":\"Angular 2\",\"level\":4},{\"name\":\"TypeScript\",\"level\":4},{\"name\":\"ES.Next\",\"level\":4},{\"name\":\"Docker\",\"level\":4}],\"active\":true},{\"name\":\"Sở thích\",\"key\":\"Sở thích\",\"className\":\"hobbies\",\"items\":[{\"name\":\"Hobby 1\"},{\"name\":\"Hobby 2\"}],\"active\":true}],\"itemsRight\":[{\"name\":\"Kinh nghiệm làm việc\",\"key\":\"Kinh nghiệm làm việc\",\"className\":\"experience\",\"items\":[{\"nameCompany\":\"Company A\",\"position\":\"Developer\",\"timeperiod\":\"since January 2016\",\"description\":\"Programming and watching cute cat videos.\",\"website\":\"https://example.com\"},{\"nameCompany\":\"Company B\",\"position\":\"Frontend Developer\",\"timeperiod\":\"January 2015 - December 2015\",\"description\":\"Fulfillment of extremely important tasks.\"},{\"nameCompany\":\"Company C\",\"position\":\"Trainee\",\"timeperiod\":\"March 2014 - December 2014\",\"description\":\"Making coffee and baking cookies.\"}],\"active\":true},{\"name\":\"Học vấn\",\"key\":\"Học vấn\",\"className\":\"education\",\"items\":[{\"degree\":\"Master of Arts\",\"timeperiod\":\"March 2012 - December 2013\",\"description\":\"Major in Hacking and Computer Penetration, University A, New York, USA.\",\"nameUniversity\":\"MyUniversity\"},{\"degree\":\"Bachelor of Science\",\"timeperiod\":\"March 2009 - December 2011\",\"description\":\"Major in Engineering, University B, Los Angeles, USA.\",\"nameUniversity\":\"MyUniversity\"}],\"active\":true},{\"name\":\"Hoạt động\",\"key\":\"Hoạt động\",\"className\":\"activities\",\"items\":[{\"role\":\"Tên vị trí\",\"organizationName\":\"Tên tổ chức\",\"description\":\"Mô tả\",\"timeperiod\":\"March 2009 - December 2011\"}],\"active\":true},{\"name\":\"Thành tích\",\"key\":\"Thành tích\",\"className\":\"awards\",\"items\":[{\"timeperiod\":\"Thời gian\",\"awardName\":\"Tên giải thưởng\"}],\"active\":true}],\"title\":\"Tiêu đề CV\",\"image\":\"data:image/jpeg;base64,/9j/4AAQSkZJRgABAQAAAQABAAD/2wBDAAYEBQYFBAYGBQYHBwYIChAKCgkJChQODwwQFxQYGBcUFhYaHSUfGhsjHBYWICwgIyYnKSopGR8tMC0oMCUoKSj/2wBDAQcHBwoIChMKChMoGhYaKCgoKCgoKCgoKCgoKCgoKCgoKCgoKCgoKCgoKCgoKCgoKCgoKCgoKCgoKCgoKCgoKCj/wgARCADeAN4DASIAAhEBAxEB/8QAGwABAAIDAQEAAAAAAAAAAAAAAAMFAQQGAgf/xAAaAQEAAgMBAAAAAAAAAAAAAAAAAQMCBAUG/9oADAMBAAIQAxAAAAH6aAAAAAR4TI0o9fOxaHvFuNae/D0LoAAAAAAAPFZrZ2WhXONuSx+5tC2OQwGx7yr1M7UMve5VtzC6V+/3NXI2cAAAAGr5p+Vse4zg9DM2JYxBiBlgjMkSYCMksTPG391Fr6PR9DerAAa09Fo3R+TzPTevM8RI8cjdh2LhexzbI14AANPl757RU21cJoWWN01Nv1PPC7EIV9XNB5bphqX52YZFfLcZ0nN+htX1Dv2x9QHmqASjkiTwFJYV/pb5vq3yL6xo1bA5GHu2prDra20O9qIpdOjKmHkuuGKWXxJNXN8J9co+nb8/6mw6OyPY5NYDz6HHch9e1OlZw30bz61sA1obGv6uwuGM+t5yusa3UtrB5bqAbPrGVQSAAwq9i2N1SyZTbNHeqBic10vNdWrFxJVbmPbe4Zt7UVtlo0Z1A8t1ANrOMqgkABrcr2bYclF2S1r7BpgiKqL1B3tTQ6erhyntJ4J92hBPjOObSxeR64YTtZ8e1QSAAAAACFB1tDSej08XdhXTHUSYzu0hZFZW9Hz/AJ3f8Dl7U0uvsTWEwAYyAAAK3HO9GmTtZtLu6fmt6ygl0jW2bMQk09xTlzSzrPMdPOzqya+U4nAAAAACj6fU5zt6vQ3mvjqUbPE++myx3M4zlASAxX2OKMucxfVXn9/zJqS6NkwmAAAAGM7N1fOWXQevT6WMl+DGQAAAENbRt2pZQr7xoXU+bHzRnoN71ir1nJZjVz2DdqilN+oLIAAAAAAAAAAAAAAAA//EACwQAAEDAwMEAQQBBQAAAAAAAAIBAwQABSAQERITFDAxIRUyM0AGIjRBUGD/2gAIAQEAAQUC/wBORiNdcK7iuutdakdFaRUX9MjQaORROGVIm9cchdVKA0LzkSChyN6X50EcETUh1B3akXfyOuoFGSmugpjvpvXLAD4qJISeF53hXtdBTzAXFRXdM3nOAqu+qfK+dsuK5L6dLmeoURIKSbsqK1eHUKO8D7WUiQDAFeS5QpzcrBgt0xlHsOH+Lw8otaWZ5W5WJrsl2c5yaZcVl0V5DoK8SxeLk5qPsvV7/JpB+ZmLnq4f3mkdNo+rC7jq4uwYBpc46vM6WSOquYqm9XWIRaWyIsh3Bhf69ZX4sA9UQ71JtzbxNWlpFEUEclTeliskqIiJgPwWsz7cB9Zr8Ii7pmsyU8YXQnkiSRlND8jpLxT1ndC4wYaIMRx80ud0HlBhGrsXC2r27zzgMtWgSUGvs0l+vJIaR5lp6bEHs5DwO/UJIx2+izrKnsRjeaauDBMryZdbdBn8ekr8eCfoWfZJ85r6ZKtTIzn4SD9UZ/Ho8O7eCevPcRNlxFalxu6cs7UCP2sQPgdXE4nqPrzzJLcduzS1iy7rD7yNbZHdNYSwwDzzZPbi67IZudyiDNi2iWUhqaPY3TAk5IY8S0H35Z0lY4TCmxJb7TU2JaUkttI2KH/IkRbPGJSj4Pt8x1Ty3cCVho2psS2wzhayyW7S0+MpDWor5kU7S8y8D4PvtMCciRdKiRm4rGbzO9etBXy+6W0R3TYs0No0+PE42J0bJBoheQWlWhTZPKbQnRx1riY1yzQVWhZoRQf01EVrohXQGuildEa6Q1xT/g//xAAlEQACAQMDAwUBAAAAAAAAAAABAgADEBESIDEEITATFDJAQVH/2gAIAQMBAT8B24gpMfyek0KkeFKZfiL0wHMwBxYvNQPMaiDGQrzuo0dXcwALxCb4mkWZdQwZUp6dlGnrMAxG4gGYRjZg2ZdQjDScXoLpWzQRhkXFntXX9sgy0FjA8ZtmuE5s4yLUfmPG+YCcxuZR+Y8Zqd8GI3fAj8xTgxTkeKtjMp4ENumqZGmx31KmntCcnYrFTkSnUDiMN9ZP2x2K5TuJT6hW5hG5nA5jnJ3rVZZ7j+z3Cz11h6gQ12Mzn6X/xAAsEQABAwIFAwMDBQAAAAAAAAABAAIDBBEFEBIgMRMhIjAyQRQzURUjQFJh/9oACAECAQE/AdpeG8p1ZE35X18X5TJ2P4PozVTIuVNiL3e1Ole7k5WXkOFBiD4+VDUslHbdWV3T8W8p7y83O2+Ucjozdqo6oTD/AHZXVHRZ25RJJucooHy+1S0z4udkdM+QXCfG6M2coZDE7UFDKJW3GRVbL1JMgqRobGpmhzCjkFCLMCxEdgcsMns7Qcqh2mMlE3zpawMGl6qK1pbpZsgr9DdLlU1BmOVO7RICgbhV32Tv6X7etdA6gD8p7dLrZYVDHKTrVbRwwsuOVCbsCrReI74p9I0uF19Z+Wpx1G6HdMoum0OiPdVUJezU891T/bClbqaQpG6XEelh7nuj8lXBzmABRizQMsRg0u1D0aOiMnm7hABosNk0QlbYqeB0LrH0MOqRbpFcoN2TQNmFnKooXx9xvgifI7wUDHMb5HfJRRyfCfhX9SjhsoX6dKm4W88qLDWN9yZG1nH8L//EADcQAAECAwUHAwEFCQAAAAAAAAECAwARIQQSIDFREBMiMEBBYTJCcVIFFCMkoTM0UGBicoKxwf/aAAgBAQAGPwL+D1IjvFEmPTGWynR1McIip5Fa9BMxwRXk028XN8xXoJjlSHq6OY5HmJno/HInhrEmEj5MfioSoeIC2zTGVLNI4WhLyYkOFf04JYro74gge/8A1tue1eO72RTYlacxAI77QcROEw18bWf7sbvztbB+kYJaYCcfD601G3fKHCMse9QOIZjYFKH4Sc/PQ3pXVapiaipXgwAkSA5E1NoJ+IkMIOBPNrExyHDYmUKaQZTUfV8R+Xsjzih6hldMX0giRkUnMGBtTzXZaShkD6RDbU+ApnKHKylWGlnMjC9Y1+oKK0f1AwpbhCUCph59Qu79d8DxA2p5q2z7hG5LO8AyMKfWbtpnNI0jcrbupOZlCWx7RguOKN/RInCXGVyUKocT2MJd+2H0XU+lHtnrF9pQUnUQOo+0EL/a373+Mfemh+WcMnUj2+YctrwvIncZB7DWLfuKMzAple7wNqulRbmfW16x9SY7LacT+kP2NU1UnZjLOfaEIzVmo6mBgI6T8SarxkEDNUGyPNOMtOGbW87eIkmjyOJtWhgXhJ1JuuJ0OG90aAhG8dcN1CdYsTtvYDTaSU3kmYrBbNFZoVoYU2/S0tG64P8AsM2tNGnju3fnscMjBB6FNxN9xZuoT5iyWm2ttlttXqb8wULkptwZwpm1ie7MkOfWIKgkBRzOsWifYT/WGlHMpB/TDMZjoUut1WwsOAawFiS2nBDre8vsTm2O6dosrX7q0ZvL1OkUxXk9CXGwVWJZmtI9nmAtpYWk6ReecSgeTBasYU1Zvc+qhPxCWmUySORNOenQVglAW1ru1Si+Wy4vVw3opyqxqNleZxRTnVEcJnFQeRQRUxQdHUCMo7xmY7xlFAP5D//EACoQAQABAwMEAgICAgMAAAAAAAERACExIEFREDBhcYGhQJGxwVDxYNHw/9oACAEBAAE/If8AD4BfNJ4V6Ki5XzR4PzQd3W4J7KAuH8MKSKynztZx9FLsohpFMKVwxWGb8PfkjBTSLDlpKlS1mrl+pdijNr1birNbnU9l5zQCRk7lgmeNSx9Ybugs2qXNTUtmh76GmMblTAt2on+hSqKyvWzPeWYxuUO0dgPMwUiUlepsfgZ/LWwS4pU2bGgQTSBUFOXAff6oFynFqVI/2PGuAoPuv7xyiUESVfyaLpyaojJl60GatRgYcvTpFGW7cedtYq07X7b1FNfCzR4cBOrgbUXJMafFljQZp9KpSbT/AJ6lh8XVj90Im3l9dGmzQJ/Wi+s6Hh4r3oGWkkqACV9nisMNnpZcsz3dUSKRJYQW5zTaoeCSn6aYCcmhR7Ma0PekiSZ3KDiDwFEksANYZV5rWmiQAGxpXgHQrXnTh7CEUAZWgBBHc6Ns6mQabxRkoILZWhwTvTVWhsC2acnx1x+enB2Fbu+xrGj/AFUQzPUN71ZKRi+qxkmdJ2H80K1XEin/ALemHhV5NlfX65/nSY7DMRYnitgIxL9lFkW40DalFtpbH7mhSSQTzoAIImag5Yrz/W1UVmydlyctA1/C20EyXh04duNJORQCl1FvioBIfHLY1c+wOQMw8tChAQ9hoGDbxpcj8AlVtj8p8UTTY2yquEDgxfYWpxf25zRh+Oriva2jH+ACQkGynAU1ypiFf0q+MzwGt2ETS4D6dCtHfRAhSxKstygYRfilV/6JtCxerzt8qK3CPaWlNcDSba6qNVmSOxaZfmLmnBFmW0IRq/0wH0lbuxT0tYJlpf2qVUQn2CKyO+9o0/7wuuGaUnbjoN/oEZKATA28nFZgs3h3J6sWxS42jQBFhsapZG+51it3shlJL4eKKlEi5pGb7xUqm7Cg8GvsydeXz2JeP7KRSJCdLMPdQEXHDS1pZSlosBb/APlQAAANjsxQll+TNXr5zur1mr5YcUEVh3paw8lC/kU7VVBzahHGrNlLxeD8TjKr2Uvx9NcCfnroJd1B4Hx/wP8A/9oADAMBAAIAAwAAABDzzzzjI7N3TzzzzzzylsoxaC5jzzzzhX5Fzyy3wtnzzxhz1Zjzzjb5x7zqTyLdlfzo5jx7zvz/APwl88+qM869899f888nG28yW2W9938886Se7rSetU9f88888868MWs2/wBvPNPPNOmxXvCvTtPPPPHEbHVvPPdn9PPPPPxvHPPPLu0evo0fvPPPPPPPPPPPPPPPPP/EAB4RAQACAwEBAQEBAAAAAAAAAAEAERAhMSBBMGFA/9oACAEDAQE/EPInROFCfydA/FKhN1vDXEWCNVDQE25qP6elfxhlCX6MJcrFPkCoEBn/ADx2eEAURVCcROvAxZgqGOizSf3CtqGjEGBbUCioKcChjQEFAY6hfZaUZ5DXcR3i/IlZjHvi4Z5U0SgFuGkRUkI8j7WiMrjDKk6ymZUuHT+AGsaKxW3jYOkYafZ6OxLGNhkhC5k+nvdWFEV+HLJodGfQ9FwNwejU4jB/EMEHhORqK6/xf//EACMRAQACAQUAAgIDAAAAAAAAAAEAESEQIDFBUWFxMECBwdH/2gAIAQIBAT8Q2lWotUC6JsdfgJyz5HaNERttL9sHKo2GZL0s7ihWRzstgjQA2SUt4bBo5I65GEZoQazjZVHEqFTCMSOkqFiu3g0GYZqED5OWnIhkPIegROzRifJYuM6nQ6O8i6jTcChupYTBrvUMVfTqbPZ3UAUhGfWlLr8lR6tLn8SpR50NhvQTnYY4+IqPuCwQkQ5/c4/3XX1O/wCQXI7uhv8AqAaccM9Mc/1p5Ueuw6G90H/cEjQdQpagVokOOOCG9N2k4iqlWXZXSLoWQE53DKfzKRc7kEpnNUYyz4ymF/E5JUzWTAKNfpf/xAAoEAEAAQMDBAICAwEBAAAAAAABEQAhMUFRYRAgcYEwkaGxQMHh0WD/2gAIAQEAAT8Q+ST+TNSVGe5pmTpXA87gp2QPdorgcNLEtaJ0JwzU/wAGbU+hl41+qNkp0f8AqlWCOrBVwkmq0SGJeagtapovgfqm2bUyLHDVjJzWaFiLxGh+ZSE9WoJODWfG1KEJqstEqAvUCb9jagjHQIDLUcsqRook0g1CGCcdCzONmmibCEuf9oKJMJr8c0bCRj/varozsWDwdAWxmjFiWgDHVMmVK5VSmZfugcn3UaCJSyvRpNceTDVxLZqcfC2o5kVcNBu08ZEq562jy0EHya0HzvZ/tBklfjjvbFMGJtb3Pqk4KlXXrGQtrQQQY+aKYBQ8PHNCIR3KjAJWlWulNDskUZo0wEy7b1Gb5Gp4DTlqciuBPxdKxKKjbVI37z5WJF1bBq0FThiaR6tUwPQixuanX3V47FpyndMLU4j/ALTfqZBu0I4BU6ws9dQ9sdELTZy7TYOX7PfcyplsUN1EAOslfoqFJWDzyajwklfjz6Sf76oVlfkpgJKudjig0Jeo7Cu6FAIt1HfYHn/FGOgmVSy4/wAmjHbkUUoSEciE6Oya0Q0GmyDsWUuR607I/YVjzROqXsbJrUwO1I7ELUa/SmUBCyJCO1LGaTPEuM9lOA157gnU4KI6UsDdL2pspsmae0AVZFwb80AAAAaHZLGGPfYrBg+0I6BNtDTialQe42pvWTIJ5jNH0qAgDYO8aDNM9WHF8sXoQbQAAejt4+H80MwzZv1wrL/XbtPgEIUogDdosbSJInDUm5SAqANVjtCR8xWEKuZ8FvC0ELJUIzNkVqAmNECg1VP66kbm79dv4fwJxCaeAH8NRVBTO8n8rQdUQUpIXzpViJQMXR/TU5N6uqSL+OxcWmHFMKPJtOu5Goc7UOclJBOsbp9taHeSRCfOaXTOGgxDCH67GnZG3wQgkCEyyPpCpP3QzBpGQ83KNMqiwaGsJmfV6UJggmDeSTWDNLYI5mr9r2eD5zGmB5ofKnyWHU0kcVIJYvBaZkzEQfirDnpDw48NTUdn99GhuEm/12ND4UXWg0oA4OxrBqrcyE6G0c0gIYVy2el29AjHEBYq06nmlaE5xCwN5zFqERYj++qEXlQ5L0OJ7JFx/AFem87e3cj/ACjGmCriXPP6ShZMLlaZco+ncoERRfm7b7t6pdmPXN4p3SxIeG52Kf4BcG2jWf3KleOGO7PCtOfNHFNP7eAuzEP3pU20uJCzbZz97UEJGCx1cVgcwHh0aGev3nzktPyxq6BV3qGvCK1DFFMNg5K5vnPDW6xZkWDgGd6tJKBZkudFo18x2BdJwlDlCvs0esYb27v3C3wXXvdg3zYq99coNwcIXHDFRoFgXN1bmaklyKEiuGRCBn+qg3CFkWJZYpcvKzhin5m2wfy9jimYbUnDarz++gwDJRGnxkF56J9hlw/qfqpcE0wJlG4yeSj5cAaolVZJiKSamKzZGKZu8Os+3QkIQIAYAsB28mal7oPXkonpl3OKLnyJMjUczzy+T/MorEA5h8Y91loEL0DK8FPAWcYFy77v4oCQbSzqk1TlqITuSaNIUVdCpi2QJioomRc+VgAhCEieK5SnnJJj6p9OyJJ3iyfVDVaAIA4OkVKN79yHQqBkaLQoxI5IrnkoXkSjLZb0IgmH4gVAKsBlq+DaYN3ztQggND5XDUkkTaaHURta0lAg+R90awtmjZQndHyp1iApEJDyP3VhI51+/wCC1FooyPEjV4PYFQ7NFSCJPZQGVe6Jcobtfi0pFBH/AIH/2Q==\"}',1,_binary '',NULL),(6,NULL,NULL,NULL,NULL,NULL,'http://res.cloudinary.com/degh5xw5d/image/upload/v1645290100/yr6oy4mrktwjoa96ibym.jpg',NULL,'{\"person\":{\"name\":\"John Doe\",\"about\":\"Hi, my name is John Doe. I\'m just about the most boring type of person you could possibly imagine. I like collecting leaves from the tree in my back yard and documenting each time I eat a peanut that is non-uniform. I am not a robot. Please hire me.\",\"position\":\"Software Developer\",\"contact\":{\"email\":\"john.doe@email.com\",\"phone\":\"0123 456789\",\"street\":\"1234 Broadway\",\"city\":\"New York\",\"website\":\"johndoe.com\",\"github\":\"johnyD\"},\"birth\":{\"year\":1990,\"location\":\"New York\"},\"information\":\"Thông tin liên hệ\"},\"itemsLeft\":[{\"name\":\"Kỹ năng\",\"key\":\"Kỹ năng\",\"className\":\"skills\",\"items\":[{\"name\":\"HTML5\",\"level\":4},{\"name\":\"CSS3\",\"level\":4},{\"name\":\"JavaScript\",\"level\":4},{\"name\":\"Node.js\",\"level\":4},{\"name\":\"Angular 2\",\"level\":4},{\"name\":\"TypeScript\",\"level\":4},{\"name\":\"ES.Next\",\"level\":4},{\"name\":\"Docker\",\"level\":4}],\"active\":true},{\"name\":\"Sở thích\",\"key\":\"Sở thích\",\"className\":\"hobbies\",\"items\":[{\"name\":\"Hobby 1\"},{\"name\":\"Hobby 2\"}],\"active\":true}],\"itemsRight\":[{\"name\":\"Kinh nghiệm làm việc\",\"key\":\"Kinh nghiệm làm việc\",\"className\":\"experience\",\"items\":[{\"nameCompany\":\"Company A\",\"position\":\"Developer\",\"timeperiod\":\"since January 2016\",\"description\":\"Programming and watching cute cat videos.\",\"website\":\"https://example.com\"},{\"nameCompany\":\"Company B\",\"position\":\"Frontend Developer\",\"timeperiod\":\"January 2015 - December 2015\",\"description\":\"Fulfillment of extremely important tasks.\"},{\"nameCompany\":\"Company C\",\"position\":\"Trainee\",\"timeperiod\":\"March 2014 - December 2014\",\"description\":\"Making coffee and baking cookies.\"}],\"active\":true},{\"name\":\"Học vấn\",\"key\":\"Học vấn\",\"className\":\"education\",\"items\":[{\"degree\":\"Master of Arts\",\"timeperiod\":\"March 2012 - December 2013\",\"description\":\"Major in Hacking and Computer Penetration, University A, New York, USA.\",\"nameUniversity\":\"MyUniversity\"},{\"degree\":\"Bachelor of Science\",\"timeperiod\":\"March 2009 - December 2011\",\"description\":\"Major in Engineering, University B, Los Angeles, USA.\",\"nameUniversity\":\"MyUniversity\"}],\"active\":true},{\"name\":\"Hoạt động\",\"key\":\"Hoạt động\",\"className\":\"activities\",\"items\":[{\"role\":\"Tên vị trí\",\"organizationName\":\"Tên tổ chức\",\"description\":\"Mô tả\",\"timeperiod\":\"March 2009 - December 2011\"}],\"active\":true},{\"name\":\"Thành tích\",\"key\":\"Thành tích\",\"className\":\"awards\",\"items\":[{\"timeperiod\":\"Thời gian\",\"awardName\":\"Tên giải thưởng\"}],\"active\":true}],\"title\":\"My CV\"}',1,_binary '\0',NULL),(7,NULL,NULL,NULL,NULL,NULL,'http://res.cloudinary.com/degh5xw5d/image/upload/v1645290401/wtcbdvrabns2fvuum95u.jpg','Tiêu đề CV1','{\"person\":{\"name\":\"John Doe\",\"about\":\"Hi, my name is John Doe. I\'m just about the most boring type of person you could possibly imagine. I like collecting leaves from the tree in my back yard and documenting each time I eat a peanut that is non-uniform. I am not a robot. Please hire me.\",\"position\":\"Software Developer\",\"contact\":{\"email\":\"john.doe@email.com\",\"phone\":\"0123 456789\",\"street\":\"1234 Broadway\",\"city\":\"New York\",\"website\":\"johndoe.com\",\"github\":\"johnyD\"},\"birth\":{\"year\":1990,\"location\":\"New York\"},\"information\":\"Thông tin liên hệ\"},\"itemsLeft\":[{\"name\":\"Kỹ năng\",\"key\":\"Kỹ năng\",\"className\":\"skills\",\"items\":[{\"name\":\"HTML5\",\"level\":4},{\"name\":\"CSS3\",\"level\":4},{\"name\":\"JavaScript\",\"level\":4},{\"name\":\"Node.js\",\"level\":4},{\"name\":\"Angular 2\",\"level\":4},{\"name\":\"TypeScript\",\"level\":4},{\"name\":\"ES.Next\",\"level\":4},{\"name\":\"Docker\",\"level\":4}],\"active\":true},{\"name\":\"Sở thích\",\"key\":\"Sở thích\",\"className\":\"hobbies\",\"items\":[{\"name\":\"Hobby 1\"},{\"name\":\"Hobby 2\"}],\"active\":true}],\"itemsRight\":[{\"name\":\"Kinh nghiệm làm việc\",\"key\":\"Kinh nghiệm làm việc\",\"className\":\"experience\",\"items\":[{\"nameCompany\":\"Company A\",\"position\":\"Developer\",\"timeperiod\":\"since January 2016\",\"description\":\"Programming and watching cute cat videos.\",\"website\":\"https://example.com\"},{\"nameCompany\":\"Company B\",\"position\":\"Frontend Developer\",\"timeperiod\":\"January 2015 - December 2015\",\"description\":\"Fulfillment of extremely important tasks.\"},{\"nameCompany\":\"Company C\",\"position\":\"Trainee\",\"timeperiod\":\"March 2014 - December 2014\",\"description\":\"Making coffee and baking cookies.\"}],\"active\":true},{\"name\":\"Học vấn\",\"key\":\"Học vấn\",\"className\":\"education\",\"items\":[{\"degree\":\"Master of Arts\",\"timeperiod\":\"March 2012 - December 2013\",\"description\":\"Major in Hacking and Computer Penetration, University A, New York, USA.\",\"nameUniversity\":\"MyUniversity\"},{\"degree\":\"Bachelor of Science\",\"timeperiod\":\"March 2009 - December 2011\",\"description\":\"Major in Engineering, University B, Los Angeles, USA.\",\"nameUniversity\":\"MyUniversity\"}],\"active\":true},{\"name\":\"Hoạt động\",\"key\":\"Hoạt động\",\"className\":\"activities\",\"items\":[{\"role\":\"Tên vị trí\",\"organizationName\":\"Tên tổ chức\",\"description\":\"Mô tả\",\"timeperiod\":\"March 2009 - December 2011\"}],\"active\":true},{\"name\":\"Thành tích\",\"key\":\"Thành tích\",\"className\":\"awards\",\"items\":[{\"timeperiod\":\"Thời gian\",\"awardName\":\"Tên giải thưởng\"}],\"active\":true}]}',1,_binary '',NULL),(8,NULL,NULL,NULL,NULL,NULL,'http://res.cloudinary.com/degh5xw5d/image/upload/v1645457355/cveiajh3idiveogvzs2z.jpg','Tiêu đề CV','{\"person\":{\"name\":\"John Doe\",\"about\":\"Hi, my name is John Doe. I\'m just about the most boring type of person you could possibly imagine. I like collecting leaves from the tree in my back yard and documenting each time I eat a peanut that is non-uniform. I am not a robot. Please hire me.\",\"position\":\"Software Developer\",\"contact\":{\"email\":\"john.doe@email.com\",\"phone\":\"0123 456789\",\"street\":\"1234 Broadway\",\"city\":\"New York\",\"website\":\"johndoe.com\",\"github\":\"johnyD\"},\"birth\":{\"year\":1990,\"location\":\"New York\"},\"information\":\"Thông tin liên hệ\"},\"itemsLeft\":[{\"name\":\"Kỹ năng\",\"key\":\"Kỹ năng\",\"className\":\"skills\",\"items\":[{\"name\":\"HTML5\",\"level\":4},{\"name\":\"CSS3\",\"level\":4},{\"name\":\"JavaScript\",\"level\":4},{\"name\":\"Node.js\",\"level\":4},{\"name\":\"Angular 2\",\"level\":4},{\"name\":\"TypeScript\",\"level\":4},{\"name\":\"ES.Next\",\"level\":4},{\"name\":\"Docker\",\"level\":4}],\"active\":true},{\"name\":\"Sở thích\",\"key\":\"Sở thích\",\"className\":\"hobbies\",\"items\":[{\"name\":\"Hobby 1\"},{\"name\":\"Hobby 2\"}],\"active\":true}],\"itemsRight\":[{\"name\":\"Kinh nghiệm làm việc\",\"key\":\"Kinh nghiệm làm việc\",\"className\":\"experience\",\"items\":[{\"nameCompany\":\"Company A\",\"position\":\"Developer\",\"timeperiod\":\"since January 2016\",\"description\":\"Programming and watching cute cat videos.\",\"website\":\"https://example.com\"},{\"nameCompany\":\"Company B\",\"position\":\"Frontend Developer\",\"timeperiod\":\"January 2015 - December 2015\",\"description\":\"Fulfillment of extremely important tasks.\"},{\"nameCompany\":\"Company C\",\"position\":\"Trainee\",\"timeperiod\":\"March 2014 - December 2014\",\"description\":\"Making coffee and baking cookies.\"}],\"active\":true},{\"name\":\"Học vấn\",\"key\":\"Học vấn\",\"className\":\"education\",\"items\":[{\"degree\":\"Master of Arts\",\"timeperiod\":\"March 2012 - December 2013\",\"description\":\"Major in Hacking and Computer Penetration, University A, New York, USA.\",\"nameUniversity\":\"MyUniversity\"},{\"degree\":\"Bachelor of Science\",\"timeperiod\":\"March 2009 - December 2011\",\"description\":\"Major in Engineering, University B, Los Angeles, USA.\",\"nameUniversity\":\"MyUniversity\"}],\"active\":true},{\"name\":\"Hoạt động\",\"key\":\"Hoạt động\",\"className\":\"activities\",\"items\":[{\"role\":\"Tên vị trí\",\"organizationName\":\"Tên tổ chức\",\"description\":\"Mô tả\",\"timeperiod\":\"March 2009 - December 2011\"}],\"active\":true},{\"name\":\"Thành tích\",\"key\":\"Thành tích\",\"className\":\"awards\",\"items\":[{\"timeperiod\":\"Thời gian\",\"awardName\":\"Tên giải thưởng\"}],\"active\":true}]}',1,_binary '\0',NULL),(9,NULL,NULL,NULL,NULL,NULL,'http://res.cloudinary.com/degh5xw5d/image/upload/v1645457816/wqvxlnyhjh7gdwdzaozd.jpg','CV của tôi','{\"person\":{\"name\":\"PHƯỚC TÂM\",\"about\":\"Hi, my name is John Doe. I\'m just about the most boring type of person you could possibly imagine. I like collecting leaves from the tree in my back yard and documenting each time I eat a peanut that is non-uniform. I am not a robot. Please hire me now\",\"position\":\"JAVA DEVELOPER\",\"contact\":{\"email\":\"john.doe@email.com\",\"phone\":\"0123 456789\",\"street\":\"1234 Broadway\",\"city\":\"Đà Nẵng\",\"website\":\"johndoe.com\",\"github\":\"johnyD\"},\"birth\":{\"year\":\"1999\",\"location\":\"New York\"},\"information\":\"Thông tin liên hệ\"},\"itemsLeft\":[{\"name\":\"Kỹ năng\",\"key\":\"Kỹ năng\",\"className\":\"skills\",\"items\":[{\"name\":\"HTML5\",\"level\":4},{\"name\":\"CSS3\",\"level\":4},{\"name\":\"JavaScript\",\"level\":1},{\"name\":\"Node.js\",\"level\":4},{\"name\":\"Docker\",\"level\":3}],\"active\":true},{\"name\":\"Sở thích\",\"key\":\"Sở thích\",\"className\":\"hobbies\",\"items\":[{\"name\":\"Bóng đá\"},{\"name\":\"Cầu lông\"}],\"active\":true}],\"itemsRight\":[{\"name\":\"Kinh nghiệm làm việc\",\"key\":\"Kinh nghiệm làm việc\",\"className\":\"experience\",\"items\":[{\"nameCompany\":\"Company A\",\"position\":\"Developer AA\",\"timeperiod\":\"since January 2016\",\"description\":\"Programming and watching cute cat videos.\",\"website\":\"https://example.com\"},{\"nameCompany\":\"Company B\",\"position\":\"Frontend Developer\",\"timeperiod\":\"January 2015 - December 2015\",\"description\":\"Fulfillment of extremely important tasks.\"},{\"nameCompany\":\"Company C\",\"position\":\"Trainee\",\"timeperiod\":\"March 2014 - December 2014\",\"description\":\"Making coffee and baking cookies.\"}],\"active\":true},{\"name\":\"Học vấn\",\"key\":\"Học vấn\",\"className\":\"education\",\"items\":[{\"degree\":\"Master of Arts\",\"timeperiod\":\"March 2012 - December 2013\",\"description\":\"Major in Hacking and Computer Penetration, University A, New York, USA.\",\"nameUniversity\":\"MyUniversity\"},{\"degree\":\"Bachelor of Science\",\"timeperiod\":\"March 2009 - December 2011\",\"description\":\"Major in Engineering, University B, Los Angeles, USA.\",\"nameUniversity\":\"MyUniversity\"}],\"active\":true},{\"name\":\"Hoạt động\",\"key\":\"Hoạt động\",\"className\":\"activities\",\"items\":[{\"role\":\"Tên vị trí\",\"organizationName\":\"Tên tổ chức\",\"description\":\"Mô tả\",\"timeperiod\":\"March 2009 - December 2011\"}],\"active\":true},{\"name\":\"Thành tích\",\"key\":\"Thành tích\",\"className\":\"awards\",\"items\":[{\"timeperiod\":\"Thời gian\",\"awardName\":\"Tên giải thưởng\"}],\"active\":true}]}',1,_binary '\0',NULL),(10,NULL,NULL,NULL,NULL,NULL,'http://res.cloudinary.com/degh5xw5d/image/upload/v1645629909/iyzq7hobbwemjfec2eqa.jpg','Tiêu đề CV','{\"person\":{\"name\":\"John Doe\",\"about\":\"Hi, my name is John Doe. I\'m just about the most boring type of person you could possibly imagine. I like collecting leaves from the tree in my back yard and documenting each time I eat a peanut that is non-uniform. I am not a robot. Please hire me.\",\"position\":\"Software Developer\",\"contact\":{\"email\":\"john.doe@email.com\",\"phone\":\"0123 456789\",\"street\":\"1234 Broadway\",\"city\":\"New York\",\"website\":\"johndoe.com\",\"github\":\"johnyD\"},\"birth\":{\"year\":1990,\"location\":\"New York\"},\"information\":\"Thông tin liên hệ\"},\"itemsLeft\":[{\"name\":\"Kỹ năng\",\"key\":\"Kỹ năng\",\"className\":\"skills\",\"items\":[{\"name\":\"HTML5\",\"level\":4},{\"name\":\"CSS3\",\"level\":4},{\"name\":\"JavaScript\",\"level\":4},{\"name\":\"Node.js\",\"level\":4},{\"name\":\"Angular 2\",\"level\":4},{\"name\":\"TypeScript\",\"level\":4},{\"name\":\"ES.Next\",\"level\":4},{\"name\":\"Docker\",\"level\":4}],\"active\":true},{\"name\":\"Sở thích\",\"key\":\"Sở thích\",\"className\":\"hobbies\",\"items\":[{\"name\":\"Hobby 1\"},{\"name\":\"Hobby 2\"}],\"active\":true}],\"itemsRight\":[{\"name\":\"Kinh nghiệm làm việc\",\"key\":\"Kinh nghiệm làm việc\",\"className\":\"experience\",\"items\":[{\"nameCompany\":\"Company A\",\"position\":\"Developer\",\"timeperiod\":\"since January 2016\",\"description\":\"Programming and watching cute cat videos.\",\"website\":\"https://example.com\"},{\"nameCompany\":\"Company B\",\"position\":\"Frontend Developer\",\"timeperiod\":\"January 2015 - December 2015\",\"description\":\"Fulfillment of extremely important tasks.\"},{\"nameCompany\":\"Company C\",\"position\":\"Trainee\",\"timeperiod\":\"March 2014 - December 2014\",\"description\":\"Making coffee and baking cookies.\"}],\"active\":true},{\"name\":\"Học vấn\",\"key\":\"Học vấn\",\"className\":\"education\",\"items\":[{\"degree\":\"Master of Arts\",\"timeperiod\":\"March 2012 - December 2013\",\"description\":\"Major in Hacking and Computer Penetration, University A, New York, USA.\",\"nameUniversity\":\"MyUniversity\"},{\"degree\":\"Bachelor of Science\",\"timeperiod\":\"March 2009 - December 2011\",\"description\":\"Major in Engineering, University B, Los Angeles, USA.\",\"nameUniversity\":\"MyUniversity\"}],\"active\":true},{\"name\":\"Hoạt động\",\"key\":\"Hoạt động\",\"className\":\"activities\",\"items\":[{\"role\":\"Tên vị trí\",\"organizationName\":\"Tên tổ chức\",\"description\":\"Mô tả\",\"timeperiod\":\"March 2009 - December 2011\"}],\"active\":true},{\"name\":\"Thành tích\",\"key\":\"Thành tích\",\"className\":\"awards\",\"items\":[{\"timeperiod\":\"Thời gian\",\"awardName\":\"Tên giải thưởng\"}],\"active\":true}]}',1,_binary '\0',NULL);
/*!40000 ALTER TABLE `resume` ENABLE KEYS */;
UNLOCK TABLES;

--
-- Table structure for table `resume_recruitment`
--

DROP TABLE IF EXISTS `resume_recruitment`;
/*!40101 SET @saved_cs_client     = @@character_set_client */;
/*!50503 SET character_set_client = utf8mb4 */;
CREATE TABLE `resume_recruitment` (
  `resume_id` int NOT NULL,
  `recruitment_id` int NOT NULL,
  PRIMARY KEY (`resume_id`,`recruitment_id`),
  KEY `FKpfykd36u1cvxe457npvk7pyii` (`recruitment_id`)
) ENGINE=MyISAM DEFAULT CHARSET=utf8mb4 COLLATE=utf8mb4_0900_ai_ci;
/*!40101 SET character_set_client = @saved_cs_client */;

--
-- Dumping data for table `resume_recruitment`
--

LOCK TABLES `resume_recruitment` WRITE;
/*!40000 ALTER TABLE `resume_recruitment` DISABLE KEYS */;
INSERT INTO `resume_recruitment` VALUES (8,6),(9,1),(9,5);
/*!40000 ALTER TABLE `resume_recruitment` ENABLE KEYS */;
UNLOCK TABLES;

--
-- Table structure for table `role`
--

DROP TABLE IF EXISTS `role`;
/*!40101 SET @saved_cs_client     = @@character_set_client */;
/*!50503 SET character_set_client = utf8mb4 */;
CREATE TABLE `role` (
  `id` int NOT NULL AUTO_INCREMENT,
  `create_by` varchar(255) DEFAULT NULL,
  `create_time` datetime DEFAULT NULL,
  `remark` varchar(255) DEFAULT NULL,
  `update_by` varchar(255) DEFAULT NULL,
  `update_time` datetime DEFAULT NULL,
  `role_name` varchar(255) DEFAULT NULL,
  `name` varchar(20) DEFAULT NULL,
  PRIMARY KEY (`id`)
) ENGINE=InnoDB AUTO_INCREMENT=4 DEFAULT CHARSET=utf8mb4 COLLATE=utf8mb4_0900_ai_ci;
/*!40101 SET character_set_client = @saved_cs_client */;

--
-- Dumping data for table `role`
--

LOCK TABLES `role` WRITE;
/*!40000 ALTER TABLE `role` DISABLE KEYS */;
INSERT INTO `role` VALUES (1,NULL,NULL,NULL,NULL,NULL,'ROLE_ADMIN',NULL),(2,NULL,NULL,NULL,NULL,NULL,'ROLE_CANDIDATE',NULL),(3,NULL,NULL,NULL,NULL,NULL,'ROLE_EMPLOYEE',NULL);
/*!40000 ALTER TABLE `role` ENABLE KEYS */;
UNLOCK TABLES;

--
-- Table structure for table `type_work`
--

DROP TABLE IF EXISTS `type_work`;
/*!40101 SET @saved_cs_client     = @@character_set_client */;
/*!50503 SET character_set_client = utf8mb4 */;
CREATE TABLE `type_work` (
  `id` int NOT NULL AUTO_INCREMENT,
  `create_by` varchar(255) DEFAULT NULL,
  `create_time` datetime DEFAULT NULL,
  `remark` varchar(255) DEFAULT NULL,
  `update_by` varchar(255) DEFAULT NULL,
  `update_time` datetime DEFAULT NULL,
  `name_type_work` varchar(255) DEFAULT NULL,
  PRIMARY KEY (`id`)
) ENGINE=InnoDB AUTO_INCREMENT=8 DEFAULT CHARSET=utf8mb4 COLLATE=utf8mb4_0900_ai_ci;
/*!40101 SET character_set_client = @saved_cs_client */;

--
-- Dumping data for table `type_work`
--

LOCK TABLES `type_work` WRITE;
/*!40000 ALTER TABLE `type_work` DISABLE KEYS */;
INSERT INTO `type_work` VALUES (1,NULL,'2022-01-12 08:27:46',NULL,NULL,'2022-01-12 08:27:46','Bán thời gian'),(2,NULL,'2022-01-12 08:27:46',NULL,NULL,'2022-01-12 08:27:46','Dài hạn'),(3,NULL,'2022-01-12 08:27:46',NULL,NULL,'2022-01-12 08:27:46','Hợp đồng'),(4,NULL,'2022-01-12 08:27:46',NULL,NULL,'2022-01-12 08:27:46','Không cố định'),(5,NULL,'2022-01-12 08:27:46',NULL,NULL,'2022-01-12 08:27:46','Tạm thời'),(6,NULL,'2022-01-12 08:27:46',NULL,NULL,'2022-01-12 08:27:46','Thực tập sinh'),(7,NULL,'2022-01-12 08:27:46',NULL,NULL,'2022-01-12 08:27:46','Thời gian cố định');
/*!40000 ALTER TABLE `type_work` ENABLE KEYS */;
UNLOCK TABLES;

--
-- Table structure for table `user`
--

DROP TABLE IF EXISTS `user`;
/*!40101 SET @saved_cs_client     = @@character_set_client */;
/*!50503 SET character_set_client = utf8mb4 */;
CREATE TABLE `user` (
  `id` int NOT NULL AUTO_INCREMENT,
  `create_by` varchar(255) DEFAULT NULL,
  `create_time` datetime DEFAULT NULL,
  `remark` varchar(255) DEFAULT NULL,
  `update_by` varchar(255) DEFAULT NULL,
  `update_time` datetime DEFAULT NULL,
  `email` varchar(255) DEFAULT NULL,
  `password` varchar(255) DEFAULT NULL,
  `role_id` int DEFAULT NULL,
  `username` varchar(20) DEFAULT NULL,
  `phone` varchar(20) DEFAULT NULL,
  `deleted` bit(1) NOT NULL,
  PRIMARY KEY (`id`),
  UNIQUE KEY `UKsb8bbouer5wak8vyiiy4pf2bx` (`username`),
  UNIQUE KEY `UKob8kqyqqgmefl0aco34akdtpe` (`email`),
  KEY `FKn82ha3ccdebhokx3a8fgdqeyy` (`role_id`),
  CONSTRAINT `FKn82ha3ccdebhokx3a8fgdqeyy` FOREIGN KEY (`role_id`) REFERENCES `role` (`id`) ON DELETE CASCADE ON UPDATE RESTRICT
) ENGINE=InnoDB AUTO_INCREMENT=74 DEFAULT CHARSET=utf8mb4 COLLATE=utf8mb4_0900_ai_ci;
/*!40101 SET character_set_client = @saved_cs_client */;

--
-- Dumping data for table `user`
--

LOCK TABLES `user` WRITE;
/*!40000 ALTER TABLE `user` DISABLE KEYS */;
INSERT INTO `user` VALUES (1,NULL,'2022-01-12 08:27:45',NULL,NULL,'2022-01-12 08:27:45','employer1@gmail.com','$2y$10$EUniKgxo7L0SKjcE5v83FO6gRaLTe2YGCIbwNN23EVpQmlCN8MDga',NULL,NULL,NULL,_binary '\0'),(5,NULL,'2022-01-12 08:27:45',NULL,NULL,'2022-01-12 08:27:45','employer5@gmail.com','$2y$10$Fqn9knEliShwDKCf2oyRe.B.pkhp9NSbFHcw46YTGEROD9wr5tOH.',NULL,NULL,NULL,_binary ''),(6,NULL,'2022-01-12 08:27:45',NULL,NULL,'2022-01-12 08:27:45','employer6@gmail.com','$2y$10$1MZMY.8KVfnSwECU3Ob7iu28VHGrpE0sBAgW7G2vLPBPleR3YBzp.',NULL,NULL,NULL,_binary '\0'),(7,NULL,'2022-01-12 08:27:45',NULL,NULL,'2022-01-12 08:27:45','employer7@gmail.com','$2y$10$mxsGtJ//Z3iuyx9YB6H0JOEuKsr1nOv8TbvJZlpxnEpY.dRL3ts5q',NULL,NULL,NULL,_binary '\0'),(8,NULL,'2022-01-12 08:27:45',NULL,NULL,'2022-01-12 08:27:45','employer8@gmail.com','$2y$10$1C.W8lS2q6.FD5g9DUJedOB8d2.IO8GgmaI6GkBTiWIP7PG2jTk0O',NULL,NULL,NULL,_binary '\0'),(9,NULL,'2022-01-12 08:27:45',NULL,NULL,'2022-01-12 08:27:45','employer9@gmail.com','$2y$10$qOfIMmw3wzipGOFGEdrnbO/enlZLcgL/.tDv8kIoDCdaxOC2chZ0m',NULL,NULL,NULL,_binary '\0'),(10,NULL,'2022-01-12 08:27:45',NULL,NULL,'2022-01-12 08:27:45','employer10@gmail.com','$2y$10$BoNal0QMqDUYCTfnGSoGy.9fZDolADfnrdZ8.nl8SsmbN6.tVIYmS',NULL,NULL,NULL,_binary '\0'),(11,NULL,'2022-01-12 08:27:45',NULL,NULL,'2022-01-12 08:27:45','employer11@gmail.com','$2y$10$f8RKv2BypWmCMyhacpCIsOR75x5XdrERJtBOvuE1u7L6JiVyRYmjq',NULL,NULL,NULL,_binary '\0'),(12,NULL,'2022-01-12 08:27:45',NULL,NULL,'2022-01-12 08:27:45','employer12@gmail.com','$2y$10$EYaJ8gL7cMimq4G.nVFS8.RKsqgwj4fimUGA/EMInJtl71fPMSZjS',NULL,NULL,NULL,_binary '\0'),(13,NULL,'2022-01-12 08:27:45',NULL,NULL,'2022-01-12 08:27:45','employer13@gmail.com','$2y$10$KF7PCLcpjpu4ukFg1zBHlOhaeJTGc1UzmEwPqcRQjAJY6MXP06FPG',NULL,NULL,NULL,_binary '\0'),(14,NULL,'2022-01-12 08:27:45',NULL,NULL,'2022-01-12 08:27:45','employer14@gmail.com','$2y$10$CDEdXvbzNPpEIjo1jw1jh.Ijm3YU0Owlq7jmpurCfQnZQ3bVsp3uu',NULL,NULL,NULL,_binary '\0'),(15,NULL,'2022-01-12 08:27:45',NULL,NULL,'2022-01-12 08:27:45','employer15@gmail.com','$2y$10$gDZGa2ZBakXN.UUNN8lV4.KdJDbps9Bx.HOGIWUGApR1d1aNjKy3q',NULL,NULL,NULL,_binary '\0'),(16,NULL,'2022-01-12 08:27:45',NULL,NULL,'2022-01-12 08:27:45','employer16@gmail.com','$2y$10$GIup92bQnQFL0sSPTZ.xBOi70hkw.IdbGyQjEcbLfOMwOiher/pO2',NULL,NULL,NULL,_binary '\0'),(17,NULL,'2022-01-12 08:27:45',NULL,NULL,'2022-01-12 08:27:45','employer17@gmail.com','$2y$10$j8QgzjwPH1PRL/fEXEbsi.exUF9gQXjVkdlBeFvufnbQR3.fEqFEa',NULL,NULL,NULL,_binary '\0'),(18,NULL,'2022-01-12 08:27:45',NULL,NULL,'2022-01-12 08:27:45','employer18@gmail.com','$2y$10$yiQE6DN6k6b/QtH5s7p/8OwTuTSLJ3SdoEV38xZMAv5.CTKX2wLuO',NULL,NULL,NULL,_binary '\0'),(19,NULL,'2022-01-12 08:27:45',NULL,NULL,'2022-01-12 08:27:45','employer19@gmail.com','$2y$10$35JwAMmcfRIESX4YGxCjxOdDOLBK3p/XnSRS6jeF.I7.vVdk0/nc2',NULL,NULL,NULL,_binary '\0'),(20,NULL,'2022-01-12 08:27:45',NULL,NULL,'2022-01-12 08:27:45','employer20@gmail.com','$2y$10$UR.LFj7.4WEcbs8qMBeFLe6V0UpYsZH030wmuHISH2iDSGdjZISS.',NULL,NULL,NULL,_binary '\0'),(21,NULL,'2022-01-12 08:27:45',NULL,NULL,'2022-01-12 08:27:45','employer21@gmail.com','$2y$10$WY6xWNji.PN9E0x6LBQorurGLr39ITU3FIgri3pIc2kgnwzuvpwsi',NULL,NULL,NULL,_binary '\0'),(22,NULL,'2022-01-12 08:27:45',NULL,NULL,'2022-01-12 08:27:45','employer22@gmail.com','$2y$10$csW1qe44IE2zDiRTr0gs1OMXF2fJ2sR6DBm51ONEpzWACdy8RBnV.',NULL,NULL,NULL,_binary '\0'),(23,NULL,'2022-01-12 08:27:45',NULL,NULL,'2022-01-12 08:27:45','employer23@gmail.com','$2y$10$c7Gqjo5.LRE5wEf38hF4aevAX.86ushq.JhnFendIpAFI2It8RLBa',NULL,NULL,NULL,_binary '\0'),(24,NULL,'2022-01-12 08:27:45',NULL,NULL,'2022-01-12 08:27:45','employer24@gmail.com','$2y$10$fYzYKbZMU780Tphz0ZA9LO7kxYzcRcKyYIcGQGdt8LwB9p/YnFYJy',NULL,NULL,NULL,_binary '\0'),(25,NULL,'2022-01-12 08:27:45',NULL,NULL,'2022-01-12 08:27:45','employer25@gmail.com','$2y$10$YP47LWY/DYnGGcrhXv79werRuPNaT/V79R2NVui/IVExYTjl/Zb.O',NULL,NULL,NULL,_binary '\0'),(26,NULL,'2022-01-12 08:27:45',NULL,NULL,'2022-01-12 08:27:45','employer26@gmail.com','$2y$10$wrquXG0lMiwHUP9z3OUcruSUlmB5PyDzOtWcnrqg2LFJZlllzTvDy',NULL,NULL,NULL,_binary '\0'),(27,NULL,'2022-01-12 08:27:45',NULL,NULL,'2022-01-12 08:27:45','employer27@gmail.com','$2y$10$NjLChexSI.45ZT8RxIhOMOJx9CxdV/Mdi4FrLIhJd15CaGHNg4.yK',NULL,NULL,NULL,_binary '\0'),(28,NULL,'2022-01-12 08:27:45',NULL,NULL,'2022-01-12 08:27:45','employer28@gmail.com','$2y$10$rRMK.PMP/LnTwp1OG2dSuupo.BecaxbB1xxzggGe3vBVkNnMcvcMq',NULL,NULL,NULL,_binary '\0'),(29,NULL,'2022-01-12 08:27:45',NULL,NULL,'2022-01-12 08:27:45','employer29@gmail.com','$2y$10$seNGNtj1wOY0Z4E40UmdWevlnWWBWcwde12hezQqMAndr1oYEfenS',NULL,NULL,NULL,_binary '\0'),(30,NULL,'2022-01-12 08:27:45',NULL,NULL,'2022-01-12 08:27:45','employer30@gmail.com','$2y$10$px/cjTq5Wq31L28.I/yUze2g13o/nRhaR407mZinLHb4KXydDEcVa',NULL,NULL,NULL,_binary '\0'),(31,NULL,'2022-01-12 08:27:45',NULL,NULL,'2022-01-12 08:27:45','candidate1@gmail.com','$2y$10$paCu8kcB8zFovQa/43ughec5cGZ35ELxqXhUA8gmodHXi.6zR42Pi',NULL,NULL,NULL,_binary ''),(32,NULL,'2022-01-12 08:27:45',NULL,NULL,'2022-01-12 08:27:45','candidate2@gmail.com','$2y$10$lkzNBYKQau/Hu1cFJK8COuyZqJhaQzli0lL/afqsQ8tqO2hx7r.Ly',NULL,NULL,NULL,_binary '\0'),(33,NULL,'2022-01-12 08:27:45',NULL,NULL,'2022-01-12 08:27:45','candidate3@gmail.com','$2y$10$TgPmEvuTL5C2JUrrpZqE0.fza0Ks9G3konVYnwxknW0LS7G1By5nq',NULL,NULL,NULL,_binary '\0'),(34,NULL,'2022-01-12 08:27:45',NULL,NULL,'2022-01-12 08:27:45','candidate4@gmail.com','$2y$10$WRkjAgqRvrYFDjPedSlIeOBsXgGCVcdpgP2eA567CxXNGjQ.0jLae',NULL,NULL,NULL,_binary '\0'),(35,NULL,'2022-01-12 08:27:45',NULL,NULL,'2022-01-12 08:27:45','candidate5@gmail.com','$2y$10$b9vfyeicjI/bxzjMJoCX7OduASlE/gdrZT7mZyNvglhRM2VVjokZC',NULL,NULL,NULL,_binary '\0'),(36,NULL,'2022-01-12 08:27:45',NULL,NULL,'2022-01-12 08:27:45','candidate6@gmail.com','$2y$10$VrizXil8eR6CHoBYCU7Q0.1aSNIgaoWDDhzVHMgAHLvHeCloZhcIG',NULL,NULL,NULL,_binary '\0'),(37,NULL,'2022-01-12 08:27:45',NULL,NULL,'2022-01-12 08:27:45','candidate7@gmail.com','$2y$10$KMStoUUV40EBEjGuK1K1Pef.P9ynfAF/SXIuO7CUrQFqq3lKmeQ2K',NULL,NULL,NULL,_binary '\0'),(38,NULL,'2022-01-12 08:27:45',NULL,NULL,'2022-01-12 08:27:45','candidate8@gmail.com','$2y$10$ZowgqUhJgRhL.LTb37bqLu2bwWqngPmjvlyeW7qGTSzNY2DE3FCse',NULL,NULL,NULL,_binary '\0'),(39,NULL,'2022-01-12 08:27:45',NULL,NULL,'2022-01-12 08:27:45','candidate9@gmail.com','$2y$10$eJi.u4Ao5GqA7r23f4lvpeMqRCBIFbf6bk6gouVaJ2L4C4RtvjZzS',NULL,NULL,NULL,_binary '\0'),(40,NULL,'2022-01-12 08:27:45',NULL,NULL,'2022-01-12 08:27:45','candidate10@gmail.com','$2y$10$IR5WrqP4HshiXR40rJOKZORlVAAbPQRDw/IecYOdByHgRK7pVg8WS',NULL,NULL,NULL,_binary '\0'),(41,NULL,'2022-01-12 08:27:45',NULL,NULL,'2022-01-12 08:27:45','candidate11@gmail.com','$2y$10$/mvTgEKT4qRh235EQ8bLOO52lMukvW6frzQC5tf1RMwxQo4J4l3sS',NULL,NULL,NULL,_binary '\0'),(42,NULL,'2022-01-12 08:27:45',NULL,NULL,'2022-01-12 08:27:45','candidate12@gmail.com','$2y$10$BCIDRy6qNsTtchIqaNS86elVT0Z2uTGjIxn1lzeMCr8TKRiJ3bKLm',NULL,NULL,NULL,_binary '\0'),(43,NULL,'2022-01-12 08:27:45',NULL,NULL,'2022-01-12 08:27:45','candidate13@gmail.com','$2y$10$NsnLGuPhoZLiWany/lg..eYRsyWoR6oJFXaGhj5QraaI9AQSyvBwu',NULL,NULL,NULL,_binary '\0'),(44,NULL,'2022-01-12 08:27:45',NULL,NULL,'2022-01-12 08:27:45','candidate14@gmail.com','$2y$10$wCVFKzEpP2T9S2oduvQ4WeBhRghJDRy2GK/kClpE/dotIwnaxmKby',NULL,NULL,NULL,_binary '\0'),(45,NULL,'2022-01-12 08:27:45',NULL,NULL,'2022-01-12 08:27:45','candidate15@gmail.com','$2y$10$u1jiXD3ufmaZMtWsviTelO9qMl4tiAv0zzD3huCm7iXucBXTlvKNq',NULL,NULL,NULL,_binary '\0'),(46,NULL,'2022-01-12 08:27:45',NULL,NULL,'2022-01-12 08:27:45','candidate16@gmail.com','$2y$10$6X.hjFYWAF.KQMuvYmh0/u7Zws8xL6euyJQTX5VQAJ4kn.8/JB1yq',NULL,NULL,NULL,_binary '\0'),(47,NULL,'2022-01-12 08:27:45',NULL,NULL,'2022-01-12 08:27:45','candidate17@gmail.com','$2y$10$BBjT3wp7eFgoDI2FbFqZCOzIjtUsfwaorKNm7AND3tjELJbGCx8e6',NULL,NULL,NULL,_binary '\0'),(48,NULL,'2022-01-12 08:27:45',NULL,NULL,'2022-01-12 08:27:45','candidate18@gmail.com','$2y$10$eT3fZg49JfsgNqKzUKpVJO3w2GllOA/3V7U9D7wUOT7bF56LFX40y',NULL,NULL,NULL,_binary '\0'),(49,NULL,'2022-01-12 08:27:45',NULL,NULL,'2022-01-12 08:27:45','candidate19@gmail.com','$2y$10$ZjM69Dmz.APW2IU9Cck9B.zYRLqXxnbhQMITcmoUjnBOe9wnt48L6',NULL,NULL,NULL,_binary '\0'),(50,NULL,'2022-01-12 08:27:45',NULL,NULL,'2022-01-12 08:27:45','candidate20@gmail.com','$2y$10$jm1lHjMQfYVCGdSTYmT0T.r/N4p4PbH/Bq5vt0QF0WdxzfJ2rZ7Ya',NULL,NULL,NULL,_binary '\0'),(51,NULL,'2022-01-12 08:27:45',NULL,NULL,'2022-01-12 08:27:45','candidate21@gmail.com','$2y$10$wgGAdWGe1rv4ycrTf5we7urGfZCTbQpT3rXpJrcsOCTyOYEtJWkmK',NULL,NULL,NULL,_binary '\0'),(52,NULL,'2022-01-12 08:27:45',NULL,NULL,'2022-01-12 08:27:45','candidate22@gmail.com','$2y$10$4GJpGX74q13fDSxdBrV5x.OeoX.vB8Ax5XucXKJmIKDeF6osTEz0G',NULL,NULL,NULL,_binary '\0'),(53,NULL,'2022-01-12 08:27:45',NULL,NULL,'2022-01-12 08:27:45','candidate23@gmail.com','$2y$10$YaSTGn4vafsMDJZG7bZ5AuiZHmgIV/dS/gSJeMX.XFxNP04/Ohkpq',NULL,NULL,NULL,_binary '\0'),(54,NULL,'2022-01-12 08:27:45',NULL,NULL,'2022-01-12 08:27:45','candidate24@gmail.com','$2y$10$o/Khlfl5TYIktIUjsc8Fru3byAg6HXSDje1b/OGDSvjuZgmJH3XCW',NULL,NULL,NULL,_binary '\0'),(55,NULL,'2022-01-12 08:27:45',NULL,NULL,'2022-01-12 08:27:45','candidate25@gmail.com','$2y$10$snUA3U4mjz.hnjDWquEyC.27LX3I/B55/OMVt7uRoLW3Hw1FN3yze',NULL,NULL,NULL,_binary '\0'),(56,NULL,'2022-01-12 08:27:45',NULL,NULL,'2022-01-12 08:27:45','candidate26@gmail.com','$2y$10$aDFfXypGNtcCFWSfZrfMLOK7nQIpxJwBis/NxA.64/20BeV84WrTO',NULL,NULL,NULL,_binary '\0'),(57,NULL,'2022-01-12 08:27:45',NULL,NULL,'2022-01-12 08:27:45','candidate27@gmail.com','$2y$10$Tx6uyWE2M.e8ts1PpOM42udboscJuQhikedFWb219gj9M8HTeERTW',NULL,NULL,NULL,_binary '\0'),(58,NULL,'2022-01-12 08:27:45',NULL,NULL,'2022-01-12 08:27:45','candidate28@gmail.com','$2y$10$zEIXv34SWlyHsl7x25MBBOPj5qujT5mR2YuXplKsQ4sSQhJ.88mli',NULL,NULL,NULL,_binary '\0'),(59,NULL,'2022-01-12 08:27:45',NULL,NULL,'2022-01-12 08:27:45','candidate29@gmail.com','$2y$10$jhPZeXfgJEdi4W35nXvMV.7mnXPP.FoPjq6DrkLfsoHOd3SHlg0ie',NULL,NULL,NULL,_binary '\0'),(60,NULL,'2022-01-12 08:27:45',NULL,NULL,'2022-01-12 08:27:45','candidate30@gmail.com','$2y$10$EMrp3qm3OY1UokIXNCBjVOU3YyiDzfroagYfT7b.MEtLCZMMqdkYG',NULL,NULL,NULL,_binary '\0'),(61,NULL,'2022-01-12 08:27:45',NULL,NULL,'2022-01-12 08:27:45','admin@gmail.com','$2y$10$VBbcScPa4VVn552NLni2heKKA4xbuB.nXfHSEk22sKUrdESUD1lMm',NULL,NULL,NULL,_binary '\0'),(62,NULL,NULL,NULL,NULL,NULL,'testcandidate@gmail.com','$2a$10$SRRRCtkExxzNI5jzPVeZ1O43/uy.h6x63cxp0He2/X0LIP2uXEcIa',NULL,'testcandidate',NULL,_binary '\0'),(63,NULL,NULL,NULL,NULL,NULL,'phuoctam3009@gmail.com','$2a$10$c447bOVUzVBJ7rgaQY3zKOkfkpEWsepE6OIVpOT1WlgBIp4/tiTtK',NULL,'testcandidate1',NULL,_binary '\0'),(64,NULL,NULL,NULL,NULL,NULL,'test1@gmail.com','$2a$10$vfSP9sasNL4GAhomnnkAiO2JmlQc9Qj.SGKcBNX3NlHUGCbVoavWO',NULL,'test1',NULL,_binary '\0'),(65,NULL,NULL,NULL,NULL,NULL,'testemployee@gmail.com','$2a$10$xJ6intMSOuDvMZgj/Ls7uO6FR.LpbVLDqOJFqzeURKWMP6T08hD8G',NULL,'testemployee',NULL,_binary '\0'),(66,NULL,NULL,NULL,NULL,NULL,'testcandidate3@gmail.com','$2a$10$JRLpPt/GDkL7h/4BFArdUueecNTF.V0FN1B5E/VMXmj9kfJB0IJB.',NULL,'testcandidate3',NULL,_binary '\0'),(67,NULL,NULL,NULL,NULL,NULL,'testemployee1@gmail.com','$2a$10$jSY7bSA1AAbemgk4F9J3veZOxWUcU896H3vKuVi7oAO1g6LXwejf.',NULL,'testemployee1',NULL,_binary '\0'),(68,NULL,NULL,NULL,NULL,NULL,'testcandidate4@gmail.com','$2a$10$t4Kr5js.89kbR7tswkcY9OxQxWJOWFawbUeuYtb0N1scZ6R6Qgv8S',NULL,'testcandidate4',NULL,_binary '\0'),(69,NULL,NULL,NULL,NULL,NULL,'testcandidate5@gmail.com','$2a$10$e2NbKtGullsUF61GJ3m8UOeIzqG48ogcTY0YyEimJlUeNazRGTrJ.',NULL,'testcandidate5',NULL,_binary '\0'),(70,NULL,NULL,NULL,NULL,NULL,'testcandidate6@gmail.com','$2a$10$vYy/vE/mDfCSoQdmGFCilu07bTMWAya5u.ekQvyR.J9hpkVdvBlTm',NULL,'testcandidate6',NULL,_binary '\0'),(71,NULL,NULL,NULL,NULL,NULL,'123123@gmail.com','$2a$10$0dPlnNPcQ8v.gHJDMddbwuIiLdxZyj4BgG73xpoYInyEJFBw3fO8S',NULL,'123123',NULL,_binary '\0'),(72,NULL,NULL,NULL,NULL,NULL,'test@gmail.com','$2a$10$4x8ny3JSY6nsSk7bz5t3uuBiZZPT47ehtpfvRXHWHC0x8HPe93/Uu',NULL,'test',NULL,_binary '\0'),(73,NULL,NULL,NULL,NULL,NULL,'test2@gmail.com','$2a$10$kSKKUSZzXsAFvkXKdIoxveWy779g01fxcrTngONxqU3ZkvbI6VEf2',NULL,'test2',NULL,_binary '\0');
/*!40000 ALTER TABLE `user` ENABLE KEYS */;
UNLOCK TABLES;

--
-- Table structure for table `user_roles`
--

DROP TABLE IF EXISTS `user_roles`;
/*!40101 SET @saved_cs_client     = @@character_set_client */;
/*!50503 SET character_set_client = utf8mb4 */;
CREATE TABLE `user_roles` (
  `user_id` int NOT NULL,
  `role_id` int NOT NULL,
  PRIMARY KEY (`user_id`,`role_id`),
  KEY `FKrhfovtciq1l558cw6udg0h0d3` (`role_id`)
) ENGINE=MyISAM DEFAULT CHARSET=utf8mb4 COLLATE=utf8mb4_0900_ai_ci;
/*!40101 SET character_set_client = @saved_cs_client */;

--
-- Dumping data for table `user_roles`
--

LOCK TABLES `user_roles` WRITE;
/*!40000 ALTER TABLE `user_roles` DISABLE KEYS */;
INSERT INTO `user_roles` VALUES (62,2),(63,2),(64,2),(65,2),(66,2),(67,3),(68,2),(69,2),(70,2),(71,2),(72,2),(72,3),(73,2),(73,3);
/*!40000 ALTER TABLE `user_roles` ENABLE KEYS */;
UNLOCK TABLES;
/*!40103 SET TIME_ZONE=@OLD_TIME_ZONE */;

/*!40101 SET SQL_MODE=@OLD_SQL_MODE */;
/*!40014 SET FOREIGN_KEY_CHECKS=@OLD_FOREIGN_KEY_CHECKS */;
/*!40014 SET UNIQUE_CHECKS=@OLD_UNIQUE_CHECKS */;
/*!40101 SET CHARACTER_SET_CLIENT=@OLD_CHARACTER_SET_CLIENT */;
/*!40101 SET CHARACTER_SET_RESULTS=@OLD_CHARACTER_SET_RESULTS */;
/*!40101 SET COLLATION_CONNECTION=@OLD_COLLATION_CONNECTION */;
/*!40111 SET SQL_NOTES=@OLD_SQL_NOTES */;

-- Dump completed on 2022-02-24  8:02:15
